"id","code","name","city_id"
"1","110101","东城区","691"
"2","110102","西城区","691"
"3","110103","崇文区","691"
"4","110104","宣武区","691"
"5","110105","朝阳区","691"
"6","110106","丰台区","691"
"7","110107","石景山区","691"
"8","110108","海淀区","691"
"9","110109","门头沟区","691"
"10","110111","房山区","691"
"11","110112","通州区","691"
"12","110113","顺义区","691"
"13","110114","昌平区","691"
"14","110115","大兴区","691"
"15","110116","怀柔区","691"
"16","110117","平谷区","691"
"17","110228","密云县","692"
"18","110229","延庆县","692"
"19","120101","和平区","693"
"20","120102","河东区","693"
"21","120103","河西区","693"
"22","120104","南开区","693"
"23","120105","河北区","693"
"24","120106","红桥区","693"
"25","120107","塘沽区","693"
"26","120108","汉沽区","693"
"27","120109","大港区","693"
"28","120110","东丽区","693"
"29","120111","西青区","693"
"30","120112","津南区","693"
"31","120113","北辰区","693"
"32","120114","武清区","693"
"33","120115","宝坻区","693"
"34","120221","宁河县","694"
"35","120223","静海县","694"
"36","120225","蓟　县","694"
"37","130101","市辖区","695"
"38","130102","长安区","695"
"39","130103","桥东区","695"
"40","130104","桥西区","695"
"41","130105","新华区","695"
"42","130107","井陉矿区","695"
"43","130108","裕华区","695"
"44","130121","井陉县","695"
"45","130123","正定县","695"
"46","130124","栾城县","695"
"47","130125","行唐县","695"
"48","130126","灵寿县","695"
"49","130127","高邑县","695"
"50","130128","深泽县","695"
"51","130129","赞皇县","695"
"52","130130","无极县","695"
"53","130131","平山县","695"
"54","130132","元氏县","695"
"55","130133","赵　县","695"
"56","130181","辛集市","695"
"57","130182","藁城市","695"
"58","130183","晋州市","695"
"59","130184","新乐市","695"
"60","130185","鹿泉市","695"
"61","130201","市辖区","696"
"62","130202","路南区","696"
"63","130203","路北区","696"
"64","130204","古冶区","696"
"65","130205","开平区","696"
"66","130207","丰南区","696"
"67","130208","丰润区","696"
"68","130223","滦　县","696"
"69","130224","滦南县","696"
"70","130225","乐亭县","696"
"71","130227","迁西县","696"
"72","130229","玉田县","696"
"73","130230","唐海县","696"
"74","130281","遵化市","696"
"75","130283","迁安市","696"
"76","130301","市辖区","697"
"77","130302","海港区","697"
"78","130303","山海关区","697"
"79","130304","北戴河区","697"
"80","130321","青龙满族自治县","697"
"81","130322","昌黎县","697"
"82","130323","抚宁县","697"
"83","130324","卢龙县","697"
"84","130401","市辖区","698"
"85","130402","邯山区","698"
"86","130403","丛台区","698"
"87","130404","复兴区","698"
"88","130406","峰峰矿区","698"
"89","130421","邯郸县","698"
"90","130423","临漳县","698"
"91","130424","成安县","698"
"92","130425","大名县","698"
"93","130426","涉　县","698"
"94","130427","磁　县","698"
"95","130428","肥乡县","698"
"96","130429","永年县","698"
"97","130430","邱　县","698"
"98","130431","鸡泽县","698"
"99","130432","广平县","698"
"100","130433","馆陶县","698"
"101","130434","魏　县","698"
"102","130435","曲周县","698"
"103","130481","武安市","698"
"104","130501","市辖区","699"
"105","130502","桥东区","699"
"106","130503","桥西区","699"
"107","130521","邢台县","699"
"108","130522","临城县","699"
"109","130523","内丘县","699"
"110","130524","柏乡县","699"
"111","130525","隆尧县","699"
"112","130526","任　县","699"
"113","130527","南和县","699"
"114","130528","宁晋县","699"
"115","130529","巨鹿县","699"
"116","130530","新河县","699"
"117","130531","广宗县","699"
"118","130532","平乡县","699"
"119","130533","威　县","699"
"120","130534","清河县","699"
"121","130535","临西县","699"
"122","130581","南宫市","699"
"123","130582","沙河市","699"
"124","130601","市辖区","700"
"125","130602","新市区","700"
"126","130603","北市区","700"
"127","130604","南市区","700"
"128","130621","满城县","700"
"129","130622","清苑县","700"
"130","130623","涞水县","700"
"131","130624","阜平县","700"
"132","130625","徐水县","700"
"133","130626","定兴县","700"
"134","130627","唐　县","700"
"135","130628","高阳县","700"
"136","130629","容城县","700"
"137","130630","涞源县","700"
"138","130631","望都县","700"
"139","130632","安新县","700"
"140","130633","易　县","700"
"141","130634","曲阳县","700"
"142","130635","蠡　县","700"
"143","130636","顺平县","700"
"144","130637","博野县","700"
"145","130638","雄　县","700"
"146","130681","涿州市","700"
"147","130682","定州市","700"
"148","130683","安国市","700"
"149","130684","高碑店市","700"
"150","130701","市辖区","701"
"151","130702","桥东区","701"
"152","130703","桥西区","701"
"153","130705","宣化区","701"
"154","130706","下花园区","701"
"155","130721","宣化县","701"
"156","130722","张北县","701"
"157","130723","康保县","701"
"158","130724","沽源县","701"
"159","130725","尚义县","701"
"160","130726","蔚　县","701"
"161","130727","阳原县","701"
"162","130728","怀安县","701"
"163","130729","万全县","701"
"164","130730","怀来县","701"
"165","130731","涿鹿县","701"
"166","130732","赤城县","701"
"167","130733","崇礼县","701"
"168","130801","市辖区","702"
"169","130802","双桥区","702"
"170","130803","双滦区","702"
"171","130804","鹰手营子矿区","702"
"172","130821","承德县","702"
"173","130822","兴隆县","702"
"174","130823","平泉县","702"
"175","130824","滦平县","702"
"176","130825","隆化县","702"
"177","130826","丰宁满族自治县","702"
"178","130827","宽城满族自治县","702"
"179","130828","围场满族蒙古族自治县","702"
"180","130901","市辖区","703"
"181","130902","新华区","703"
"182","130903","运河区","703"
"183","130921","沧　县","703"
"184","130922","青　县","703"
"185","130923","东光县","703"
"186","130924","海兴县","703"
"187","130925","盐山县","703"
"188","130926","肃宁县","703"
"189","130927","南皮县","703"
"190","130928","吴桥县","703"
"191","130929","献　县","703"
"192","130930","孟村回族自治县","703"
"193","130981","泊头市","703"
"194","130982","任丘市","703"
"195","130983","黄骅市","703"
"196","130984","河间市","703"
"197","131001","市辖区","704"
"198","131002","安次区","704"
"199","131003","广阳区","704"
"200","131022","固安县","704"
"201","131023","永清县","704"
"202","131024","香河县","704"
"203","131025","大城县","704"
"204","131026","文安县","704"
"205","131028","大厂回族自治县","704"
"206","131081","霸州市","704"
"207","131082","三河市","704"
"208","131101","市辖区","705"
"209","131102","桃城区","705"
"210","131121","枣强县","705"
"211","131122","武邑县","705"
"212","131123","武强县","705"
"213","131124","饶阳县","705"
"214","131125","安平县","705"
"215","131126","故城县","705"
"216","131127","景　县","705"
"217","131128","阜城县","705"
"218","131181","冀州市","705"
"219","131182","深州市","705"
"220","140101","市辖区","706"
"221","140105","小店区","706"
"222","140106","迎泽区","706"
"223","140107","杏花岭区","706"
"224","140108","尖草坪区","706"
"225","140109","万柏林区","706"
"226","140110","晋源区","706"
"227","140121","清徐县","706"
"228","140122","阳曲县","706"
"229","140123","娄烦县","706"
"230","140181","古交市","706"
"231","140201","市辖区","707"
"232","140202","城　区","707"
"233","140203","矿　区","707"
"234","140211","南郊区","707"
"235","140212","新荣区","707"
"236","140221","阳高县","707"
"237","140222","天镇县","707"
"238","140223","广灵县","707"
"239","140224","灵丘县","707"
"240","140225","浑源县","707"
"241","140226","左云县","707"
"242","140227","大同县","707"
"243","140301","市辖区","708"
"244","140302","城　区","708"
"245","140303","矿　区","708"
"246","140311","郊　区","708"
"247","140321","平定县","708"
"248","140322","盂　县","708"
"249","140401","市辖区","709"
"250","140402","城　区","709"
"251","140411","郊　区","709"
"252","140421","长治县","709"
"253","140423","襄垣县","709"
"254","140424","屯留县","709"
"255","140425","平顺县","709"
"256","140426","黎城县","709"
"257","140427","壶关县","709"
"258","140428","长子县","709"
"259","140429","武乡县","709"
"260","140430","沁　县","709"
"261","140431","沁源县","709"
"262","140481","潞城市","709"
"263","140501","市辖区","710"
"264","140502","城　区","710"
"265","140521","沁水县","710"
"266","140522","阳城县","710"
"267","140524","陵川县","710"
"268","140525","泽州县","710"
"269","140581","高平市","710"
"270","140601","市辖区","711"
"271","140602","朔城区","711"
"272","140603","平鲁区","711"
"273","140621","山阴县","711"
"274","140622","应　县","711"
"275","140623","右玉县","711"
"276","140624","怀仁县","711"
"277","140701","市辖区","712"
"278","140702","榆次区","712"
"279","140721","榆社县","712"
"280","140722","左权县","712"
"281","140723","和顺县","712"
"282","140724","昔阳县","712"
"283","140725","寿阳县","712"
"284","140726","太谷县","712"
"285","140727","祁　县","712"
"286","140728","平遥县","712"
"287","140729","灵石县","712"
"288","140781","介休市","712"
"289","140801","市辖区","713"
"290","140802","盐湖区","713"
"291","140821","临猗县","713"
"292","140822","万荣县","713"
"293","140823","闻喜县","713"
"294","140824","稷山县","713"
"295","140825","新绛县","713"
"296","140826","绛　县","713"
"297","140827","垣曲县","713"
"298","140828","夏　县","713"
"299","140829","平陆县","713"
"300","140830","芮城县","713"
"301","140881","永济市","713"
"302","140882","河津市","713"
"303","140901","市辖区","714"
"304","140902","忻府区","714"
"305","140921","定襄县","714"
"306","140922","五台县","714"
"307","140923","代　县","714"
"308","140924","繁峙县","714"
"309","140925","宁武县","714"
"310","140926","静乐县","714"
"311","140927","神池县","714"
"312","140928","五寨县","714"
"313","140929","岢岚县","714"
"314","140930","河曲县","714"
"315","140931","保德县","714"
"316","140932","偏关县","714"
"317","140981","原平市","714"
"318","141001","市辖区","715"
"319","141002","尧都区","715"
"320","141021","曲沃县","715"
"321","141022","翼城县","715"
"322","141023","襄汾县","715"
"323","141024","洪洞县","715"
"324","141025","古　县","715"
"325","141026","安泽县","715"
"326","141027","浮山县","715"
"327","141028","吉　县","715"
"328","141029","乡宁县","715"
"329","141030","大宁县","715"
"330","141031","隰　县","715"
"331","141032","永和县","715"
"332","141033","蒲　县","715"
"333","141034","汾西县","715"
"334","141081","侯马市","715"
"335","141082","霍州市","715"
"336","141101","市辖区","716"
"337","141102","离石区","716"
"338","141121","文水县","716"
"339","141122","交城县","716"
"340","141123","兴　县","716"
"341","141124","临　县","716"
"342","141125","柳林县","716"
"343","141126","石楼县","716"
"344","141127","岚　县","716"
"345","141128","方山县","716"
"346","141129","中阳县","716"
"347","141130","交口县","716"
"348","141181","孝义市","716"
"349","141182","汾阳市","716"
"350","150101","市辖区","717"
"351","150102","新城区","717"
"352","150103","回民区","717"
"353","150104","玉泉区","717"
"354","150105","赛罕区","717"
"355","150121","土默特左旗","717"
"356","150122","托克托县","717"
"357","150123","和林格尔县","717"
"358","150124","清水河县","717"
"359","150125","武川县","717"
"360","150201","市辖区","718"
"361","150202","东河区","718"
"362","150203","昆都仑区","718"
"363","150204","青山区","718"
"364","150205","石拐区","718"
"365","150206","白云矿区","718"
"366","150207","九原区","718"
"367","150221","土默特右旗","718"
"368","150222","固阳县","718"
"369","150223","达尔罕茂明安联合旗","718"
"370","150301","市辖区","719"
"371","150302","海勃湾区","719"
"372","150303","海南区","719"
"373","150304","乌达区","719"
"374","150401","市辖区","720"
"375","150402","红山区","720"
"376","150403","元宝山区","720"
"377","150404","松山区","720"
"378","150421","阿鲁科尔沁旗","720"
"379","150422","巴林左旗","720"
"380","150423","巴林右旗","720"
"381","150424","林西县","720"
"382","150425","克什克腾旗","720"
"383","150426","翁牛特旗","720"
"384","150428","喀喇沁旗","720"
"385","150429","宁城县","720"
"386","150430","敖汉旗","720"
"387","150501","市辖区","721"
"388","150502","科尔沁区","721"
"389","150521","科尔沁左翼中旗","721"
"390","150522","科尔沁左翼后旗","721"
"391","150523","开鲁县","721"
"392","150524","库伦旗","721"
"393","150525","奈曼旗","721"
"394","150526","扎鲁特旗","721"
"395","150581","霍林郭勒市","721"
"396","150602","东胜区","722"
"397","150621","达拉特旗","722"
"398","150622","准格尔旗","722"
"399","150623","鄂托克前旗","722"
"400","150624","鄂托克旗","722"
"401","150625","杭锦旗","722"
"402","150626","乌审旗","722"
"403","150627","伊金霍洛旗","722"
"404","150701","市辖区","723"
"405","150702","海拉尔区","723"
"406","150721","阿荣旗","723"
"407","150722","莫力达瓦达斡尔族自治旗","723"
"408","150723","鄂伦春自治旗","723"
"409","150724","鄂温克族自治旗","723"
"410","150725","陈巴尔虎旗","723"
"411","150726","新巴尔虎左旗","723"
"412","150727","新巴尔虎右旗","723"
"413","150781","满洲里市","723"
"414","150782","牙克石市","723"
"415","150783","扎兰屯市","723"
"416","150784","额尔古纳市","723"
"417","150785","根河市","723"
"418","150801","市辖区","724"
"419","150802","临河区","724"
"420","150821","五原县","724"
"421","150822","磴口县","724"
"422","150823","乌拉特前旗","724"
"423","150824","乌拉特中旗","724"
"424","150825","乌拉特后旗","724"
"425","150826","杭锦后旗","724"
"426","150901","市辖区","725"
"427","150902","集宁区","725"
"428","150921","卓资县","725"
"429","150922","化德县","725"
"430","150923","商都县","725"
"431","150924","兴和县","725"
"432","150925","凉城县","725"
"433","150926","察哈尔右翼前旗","725"
"434","150927","察哈尔右翼中旗","725"
"435","150928","察哈尔右翼后旗","725"
"436","150929","四子王旗","725"
"437","150981","丰镇市","725"
"438","152201","乌兰浩特市","726"
"439","152202","阿尔山市","726"
"440","152221","科尔沁右翼前旗","726"
"441","152222","科尔沁右翼中旗","726"
"442","152223","扎赉特旗","726"
"443","152224","突泉县","726"
"444","152501","二连浩特市","727"
"445","152502","锡林浩特市","727"
"446","152522","阿巴嘎旗","727"
"447","152523","苏尼特左旗","727"
"448","152524","苏尼特右旗","727"
"449","152525","东乌珠穆沁旗","727"
"450","152526","西乌珠穆沁旗","727"
"451","152527","太仆寺旗","727"
"452","152528","镶黄旗","727"
"453","152529","正镶白旗","727"
"454","152530","正蓝旗","727"
"455","152531","多伦县","727"
"456","152921","阿拉善左旗","728"
"457","152922","阿拉善右旗","728"
"458","152923","额济纳旗","728"
"459","210101","市辖区","729"
"460","210102","和平区","729"
"461","210103","沈河区","729"
"462","210104","大东区","729"
"463","210105","皇姑区","729"
"464","210106","铁西区","729"
"465","210111","苏家屯区","729"
"466","210112","东陵区","729"
"467","210113","新城子区","729"
"468","210114","于洪区","729"
"469","210122","辽中县","729"
"470","210123","康平县","729"
"471","210124","法库县","729"
"472","210181","新民市","729"
"473","210201","市辖区","730"
"474","210202","中山区","730"
"475","210203","西岗区","730"
"476","210204","沙河口区","730"
"477","210211","甘井子区","730"
"478","210212","旅顺口区","730"
"479","210213","金州区","730"
"480","210224","长海县","730"
"481","210281","瓦房店市","730"
"482","210282","普兰店市","730"
"483","210283","庄河市","730"
"484","210301","市辖区","731"
"485","210302","铁东区","731"
"486","210303","铁西区","731"
"487","210304","立山区","731"
"488","210311","千山区","731"
"489","210321","台安县","731"
"490","210323","岫岩满族自治县","731"
"491","210381","海城市","731"
"492","210401","市辖区","732"
"493","210402","新抚区","732"
"494","210403","东洲区","732"
"495","210404","望花区","732"
"496","210411","顺城区","732"
"497","210421","抚顺县","732"
"498","210422","新宾满族自治县","732"
"499","210423","清原满族自治县","732"
"500","210501","市辖区","733"
"501","210502","平山区","733"
"502","210503","溪湖区","733"
"503","210504","明山区","733"
"504","210505","南芬区","733"
"505","210521","本溪满族自治县","733"
"506","210522","桓仁满族自治县","733"
"507","210601","市辖区","734"
"508","210602","元宝区","734"
"509","210603","振兴区","734"
"510","210604","振安区","734"
"511","210624","宽甸满族自治县","734"
"512","210681","东港市","734"
"513","210682","凤城市","734"
"514","210701","市辖区","735"
"515","210702","古塔区","735"
"516","210703","凌河区","735"
"517","210711","太和区","735"
"518","210726","黑山县","735"
"519","210727","义　县","735"
"520","210781","凌海市","735"
"521","210782","北宁市","735"
"522","210801","市辖区","736"
"523","210802","站前区","736"
"524","210803","西市区","736"
"525","210804","鲅鱼圈区","736"
"526","210811","老边区","736"
"527","210881","盖州市","736"
"528","210882","大石桥市","736"
"529","210901","市辖区","737"
"530","210902","海州区","737"
"531","210903","新邱区","737"
"532","210904","太平区","737"
"533","210905","清河门区","737"
"534","210911","细河区","737"
"535","210921","阜新蒙古族自治县","737"
"536","210922","彰武县","737"
"537","211001","市辖区","738"
"538","211002","白塔区","738"
"539","211003","文圣区","738"
"540","211004","宏伟区","738"
"541","211005","弓长岭区","738"
"542","211011","太子河区","738"
"543","211021","辽阳县","738"
"544","211081","灯塔市","738"
"545","211101","市辖区","739"
"546","211102","双台子区","739"
"547","211103","兴隆台区","739"
"548","211121","大洼县","739"
"549","211122","盘山县","739"
"550","211201","市辖区","740"
"551","211202","银州区","740"
"552","211204","清河区","740"
"553","211221","铁岭县","740"
"554","211223","西丰县","740"
"555","211224","昌图县","740"
"556","211281","调兵山市","740"
"557","211282","开原市","740"
"558","211301","市辖区","741"
"559","211302","双塔区","741"
"560","211303","龙城区","741"
"561","211321","朝阳县","741"
"562","211322","建平县","741"
"563","211324","喀喇沁左翼蒙古族自治县","741"
"564","211381","北票市","741"
"565","211382","凌源市","741"
"566","211401","市辖区","742"
"567","211402","连山区","742"
"568","211403","龙港区","742"
"569","211404","南票区","742"
"570","211421","绥中县","742"
"571","211422","建昌县","742"
"572","211481","兴城市","742"
"573","220101","市辖区","743"
"574","220102","南关区","743"
"575","220103","宽城区","743"
"576","220104","朝阳区","743"
"577","220105","二道区","743"
"578","220106","绿园区","743"
"579","220112","双阳区","743"
"580","220122","农安县","743"
"581","220181","九台市","743"
"582","220182","榆树市","743"
"583","220183","德惠市","743"
"584","220201","市辖区","744"
"585","220202","昌邑区","744"
"586","220203","龙潭区","744"
"587","220204","船营区","744"
"588","220211","丰满区","744"
"589","220221","永吉县","744"
"590","220281","蛟河市","744"
"591","220282","桦甸市","744"
"592","220283","舒兰市","744"
"593","220284","磐石市","744"
"594","220301","市辖区","745"
"595","220302","铁西区","745"
"596","220303","铁东区","745"
"597","220322","梨树县","745"
"598","220323","伊通满族自治县","745"
"599","220381","公主岭市","745"
"600","220382","双辽市","745"
"601","220401","市辖区","746"
"602","220402","龙山区","746"
"603","220403","西安区","746"
"604","220421","东丰县","746"
"605","220422","东辽县","746"
"606","220501","市辖区","747"
"607","220502","东昌区","747"
"608","220503","二道江区","747"
"609","220521","通化县","747"
"610","220523","辉南县","747"
"611","220524","柳河县","747"
"612","220581","梅河口市","747"
"613","220582","集安市","747"
"614","220601","市辖区","748"
"615","220602","八道江区","748"
"616","220621","抚松县","748"
"617","220622","靖宇县","748"
"618","220623","长白朝鲜族自治县","748"
"619","220625","江源县","748"
"620","220681","临江市","748"
"621","220701","市辖区","749"
"622","220702","宁江区","749"
"623","220721","前郭尔罗斯蒙古族自治县","749"
"624","220722","长岭县","749"
"625","220723","乾安县","749"
"626","220724","扶余县","749"
"627","220801","市辖区","750"
"628","220802","洮北区","750"
"629","220821","镇赉县","750"
"630","220822","通榆县","750"
"631","220881","洮南市","750"
"632","220882","大安市","750"
"633","222401","延吉市","751"
"634","222402","图们市","751"
"635","222403","敦化市","751"
"636","222404","珲春市","751"
"637","222405","龙井市","751"
"638","222406","和龙市","751"
"639","222424","汪清县","751"
"640","222426","安图县","751"
"641","230101","市辖区","752"
"642","230102","道里区","752"
"643","230103","南岗区","752"
"644","230104","道外区","752"
"645","230106","香坊区","752"
"646","230107","动力区","752"
"647","230108","平房区","752"
"648","230109","松北区","752"
"649","230111","呼兰区","752"
"650","230123","依兰县","752"
"651","230124","方正县","752"
"652","230125","宾　县","752"
"653","230126","巴彦县","752"
"654","230127","木兰县","752"
"655","230128","通河县","752"
"656","230129","延寿县","752"
"657","230181","阿城市","752"
"658","230182","双城市","752"
"659","230183","尚志市","752"
"660","230184","五常市","752"
"661","230201","市辖区","753"
"662","230202","龙沙区","753"
"663","230203","建华区","753"
"664","230204","铁锋区","753"
"665","230205","昂昂溪区","753"
"666","230206","富拉尔基区","753"
"667","230207","碾子山区","753"
"668","230208","梅里斯达斡尔族区","753"
"669","230221","龙江县","753"
"670","230223","依安县","753"
"671","230224","泰来县","753"
"672","230225","甘南县","753"
"673","230227","富裕县","753"
"674","230229","克山县","753"
"675","230230","克东县","753"
"676","230231","拜泉县","753"
"677","230281","讷河市","753"
"678","230301","市辖区","754"
"679","230302","鸡冠区","754"
"680","230303","恒山区","754"
"681","230304","滴道区","754"
"682","230305","梨树区","754"
"683","230306","城子河区","754"
"684","230307","麻山区","754"
"685","230321","鸡东县","754"
"686","230381","虎林市","754"
"687","230382","密山市","754"
"688","230401","市辖区","755"
"689","230402","向阳区","755"
"690","230403","工农区","755"
"691","230404","南山区","755"
"692","230405","兴安区","755"
"693","230406","东山区","755"
"694","230407","兴山区","755"
"695","230421","萝北县","755"
"696","230422","绥滨县","755"
"697","230501","市辖区","756"
"698","230502","尖山区","756"
"699","230503","岭东区","756"
"700","230505","四方台区","756"
"701","230506","宝山区","756"
"702","230521","集贤县","756"
"703","230522","友谊县","756"
"704","230523","宝清县","756"
"705","230524","饶河县","756"
"706","230601","市辖区","757"
"707","230602","萨尔图区","757"
"708","230603","龙凤区","757"
"709","230604","让胡路区","757"
"710","230605","红岗区","757"
"711","230606","大同区","757"
"712","230621","肇州县","757"
"713","230622","肇源县","757"
"714","230623","林甸县","757"
"715","230624","杜尔伯特蒙古族自治县","757"
"716","230701","市辖区","758"
"717","230702","伊春区","758"
"718","230703","南岔区","758"
"719","230704","友好区","758"
"720","230705","西林区","758"
"721","230706","翠峦区","758"
"722","230707","新青区","758"
"723","230708","美溪区","758"
"724","230709","金山屯区","758"
"725","230710","五营区","758"
"726","230711","乌马河区","758"
"727","230712","汤旺河区","758"
"728","230713","带岭区","758"
"729","230714","乌伊岭区","758"
"730","230715","红星区","758"
"731","230716","上甘岭区","758"
"732","230722","嘉荫县","758"
"733","230781","铁力市","758"
"734","230801","市辖区","759"
"735","230802","永红区","759"
"736","230803","向阳区","759"
"737","230804","前进区","759"
"738","230805","东风区","759"
"739","230811","郊　区","759"
"740","230822","桦南县","759"
"741","230826","桦川县","759"
"742","230828","汤原县","759"
"743","230833","抚远县","759"
"744","230881","同江市","759"
"745","230882","富锦市","759"
"746","230901","市辖区","760"
"747","230902","新兴区","760"
"748","230903","桃山区","760"
"749","230904","茄子河区","760"
"750","230921","勃利县","760"
"751","231001","市辖区","761"
"752","231002","东安区","761"
"753","231003","阳明区","761"
"754","231004","爱民区","761"
"755","231005","西安区","761"
"756","231024","东宁县","761"
"757","231025","林口县","761"
"758","231081","绥芬河市","761"
"759","231083","海林市","761"
"760","231084","宁安市","761"
"761","231085","穆棱市","761"
"762","231101","市辖区","762"
"763","231102","爱辉区","762"
"764","231121","嫩江县","762"
"765","231123","逊克县","762"
"766","231124","孙吴县","762"
"767","231181","北安市","762"
"768","231182","五大连池市","762"
"769","231201","市辖区","763"
"770","231202","北林区","763"
"771","231221","望奎县","763"
"772","231222","兰西县","763"
"773","231223","青冈县","763"
"774","231224","庆安县","763"
"775","231225","明水县","763"
"776","231226","绥棱县","763"
"777","231281","安达市","763"
"778","231282","肇东市","763"
"779","231283","海伦市","763"
"780","232721","呼玛县","764"
"781","232722","塔河县","764"
"782","232723","漠河县","764"
"783","310101","黄浦区","765"
"784","310103","卢湾区","765"
"785","310104","徐汇区","765"
"786","310105","长宁区","765"
"787","310106","静安区","765"
"788","310107","普陀区","765"
"789","310108","闸北区","765"
"790","310109","虹口区","765"
"791","310110","杨浦区","765"
"792","310112","闵行区","765"
"793","310113","宝山区","765"
"794","310114","嘉定区","765"
"795","310115","浦东新区","765"
"796","310116","金山区","765"
"797","310117","松江区","765"
"798","310118","青浦区","765"
"799","310119","南汇区","765"
"800","310120","奉贤区","765"
"801","310230","崇明县","766"
"802","320101","市辖区","767"
"803","320102","玄武区","767"
"804","320103","白下区","767"
"805","320104","秦淮区","767"
"806","320105","建邺区","767"
"807","320106","鼓楼区","767"
"808","320107","下关区","767"
"809","320111","浦口区","767"
"810","320113","栖霞区","767"
"811","320114","雨花台区","767"
"812","320115","江宁区","767"
"813","320116","六合区","767"
"814","320124","溧水县","767"
"815","320125","高淳县","767"
"816","320201","市辖区","768"
"817","320202","崇安区","768"
"818","320203","南长区","768"
"819","320204","北塘区","768"
"820","320205","锡山区","768"
"821","320206","惠山区","768"
"822","320211","滨湖区","768"
"823","320281","江阴市","768"
"824","320282","宜兴市","768"
"825","320301","市辖区","769"
"826","320302","鼓楼区","769"
"827","320303","云龙区","769"
"828","320304","九里区","769"
"829","320305","贾汪区","769"
"830","320311","泉山区","769"
"831","320321","丰　县","769"
"832","320322","沛　县","769"
"833","320323","铜山县","769"
"834","320324","睢宁县","769"
"835","320381","新沂市","769"
"836","320382","邳州市","769"
"837","320401","市辖区","770"
"838","320402","天宁区","770"
"839","320404","钟楼区","770"
"840","320405","戚墅堰区","770"
"841","320411","新北区","770"
"842","320412","武进区","770"
"843","320481","溧阳市","770"
"844","320482","金坛市","770"
"845","320501","市辖区","771"
"846","320502","沧浪区","771"
"847","320503","平江区","771"
"848","320504","金阊区","771"
"849","320505","虎丘区","771"
"850","320506","吴中区","771"
"851","320507","相城区","771"
"852","320581","常熟市","771"
"853","320582","张家港市","771"
"854","320583","昆山市","771"
"855","320584","吴江市","771"
"856","320585","太仓市","771"
"857","320601","市辖区","772"
"858","320602","崇川区","772"
"859","320611","港闸区","772"
"860","320621","海安县","772"
"861","320623","如东县","772"
"862","320681","启东市","772"
"863","320682","如皋市","772"
"864","320683","通州市","772"
"865","320684","海门市","772"
"866","320701","市辖区","773"
"867","320703","连云区","773"
"868","320705","新浦区","773"
"869","320706","海州区","773"
"870","320721","赣榆县","773"
"871","320722","东海县","773"
"872","320723","灌云县","773"
"873","320724","灌南县","773"
"874","320801","市辖区","774"
"875","320802","清河区","774"
"876","320803","楚州区","774"
"877","320804","淮阴区","774"
"878","320811","清浦区","774"
"879","320826","涟水县","774"
"880","320829","洪泽县","774"
"881","320830","盱眙县","774"
"882","320831","金湖县","774"
"883","320901","市辖区","775"
"884","320902","亭湖区","775"
"885","320903","盐都区","775"
"886","320921","响水县","775"
"887","320922","滨海县","775"
"888","320923","阜宁县","775"
"889","320924","射阳县","775"
"890","320925","建湖县","775"
"891","320981","东台市","775"
"892","320982","大丰市","775"
"893","321001","市辖区","776"
"894","321002","广陵区","776"
"895","321003","邗江区","776"
"896","321011","郊　区","776"
"897","321023","宝应县","776"
"898","321081","仪征市","776"
"899","321084","高邮市","776"
"900","321088","江都市","776"
"901","321101","市辖区","777"
"902","321102","京口区","777"
"903","321111","润州区","777"
"904","321112","丹徒区","777"
"905","321181","丹阳市","777"
"906","321182","扬中市","777"
"907","321183","句容市","777"
"908","321201","市辖区","778"
"909","321202","海陵区","778"
"910","321203","高港区","778"
"911","321281","兴化市","778"
"912","321282","靖江市","778"
"913","321283","泰兴市","778"
"914","321284","姜堰市","778"
"915","321301","市辖区","779"
"916","321302","宿城区","779"
"917","321311","宿豫区","779"
"918","321322","沭阳县","779"
"919","321323","泗阳县","779"
"920","321324","泗洪县","779"
"921","330101","市辖区","780"
"922","330102","上城区","780"
"923","330103","下城区","780"
"924","330104","江干区","780"
"925","330105","拱墅区","780"
"926","330106","西湖区","780"
"927","330108","滨江区","780"
"928","330109","萧山区","780"
"929","330110","余杭区","780"
"930","330122","桐庐县","780"
"931","330127","淳安县","780"
"932","330182","建德市","780"
"933","330183","富阳市","780"
"934","330185","临安市","780"
"935","330201","市辖区","781"
"936","330203","海曙区","781"
"937","330204","江东区","781"
"938","330205","江北区","781"
"939","330206","北仑区","781"
"940","330211","镇海区","781"
"941","330212","鄞州区","781"
"942","330225","象山县","781"
"943","330226","宁海县","781"
"944","330281","余姚市","781"
"945","330282","慈溪市","781"
"946","330283","奉化市","781"
"947","330301","市辖区","782"
"948","330302","鹿城区","782"
"949","330303","龙湾区","782"
"950","330304","瓯海区","782"
"951","330322","洞头县","782"
"952","330324","永嘉县","782"
"953","330326","平阳县","782"
"954","330327","苍南县","782"
"955","330328","文成县","782"
"956","330329","泰顺县","782"
"957","330381","瑞安市","782"
"958","330382","乐清市","782"
"959","330401","市辖区","783"
"960","330402","秀城区","783"
"961","330411","秀洲区","783"
"962","330421","嘉善县","783"
"963","330424","海盐县","783"
"964","330481","海宁市","783"
"965","330482","平湖市","783"
"966","330483","桐乡市","783"
"967","330501","市辖区","784"
"968","330502","吴兴区","784"
"969","330503","南浔区","784"
"970","330521","德清县","784"
"971","330522","长兴县","784"
"972","330523","安吉县","784"
"973","330601","市辖区","785"
"974","330602","越城区","785"
"975","330621","绍兴县","785"
"976","330624","新昌县","785"
"977","330681","诸暨市","785"
"978","330682","上虞市","785"
"979","330683","嵊州市","785"
"980","330701","市辖区","786"
"981","330702","婺城区","786"
"982","330703","金东区","786"
"983","330723","武义县","786"
"984","330726","浦江县","786"
"985","330727","磐安县","786"
"986","330781","兰溪市","786"
"987","330782","义乌市","786"
"988","330783","东阳市","786"
"989","330784","永康市","786"
"990","330801","市辖区","787"
"991","330802","柯城区","787"
"992","330803","衢江区","787"
"993","330822","常山县","787"
"994","330824","开化县","787"
"995","330825","龙游县","787"
"996","330881","江山市","787"
"997","330901","市辖区","788"
"998","330902","定海区","788"
"999","330903","普陀区","788"
"1000","330921","岱山县","788"
"1001","330922","嵊泗县","788"
"1002","331001","市辖区","789"
"1003","331002","椒江区","789"
"1004","331003","黄岩区","789"
"1005","331004","路桥区","789"
"1006","331021","玉环县","789"
"1007","331022","三门县","789"
"1008","331023","天台县","789"
"1009","331024","仙居县","789"
"1010","331081","温岭市","789"
"1011","331082","临海市","789"
"1012","331101","市辖区","790"
"1013","331102","莲都区","790"
"1014","331121","青田县","790"
"1015","331122","缙云县","790"
"1016","331123","遂昌县","790"
"1017","331124","松阳县","790"
"1018","331125","云和县","790"
"1019","331126","庆元县","790"
"1020","331127","景宁畲族自治县","790"
"1021","331181","龙泉市","790"
"1022","340101","市辖区","791"
"1023","340102","瑶海区","791"
"1024","340103","庐阳区","791"
"1025","340104","蜀山区","791"
"1026","340111","包河区","791"
"1027","340121","长丰县","791"
"1028","340122","肥东县","791"
"1029","340123","肥西县","791"
"1030","340201","市辖区","792"
"1031","340202","镜湖区","792"
"1032","340203","马塘区","792"
"1033","340204","新芜区","792"
"1034","340207","鸠江区","792"
"1035","340221","芜湖县","792"
"1036","340222","繁昌县","792"
"1037","340223","南陵县","792"
"1038","340301","市辖区","793"
"1039","340302","龙子湖区","793"
"1040","340303","蚌山区","793"
"1041","340304","禹会区","793"
"1042","340311","淮上区","793"
"1043","340321","怀远县","793"
"1044","340322","五河县","793"
"1045","340323","固镇县","793"
"1046","340401","市辖区","794"
"1047","340402","大通区","794"
"1048","340403","田家庵区","794"
"1049","340404","谢家集区","794"
"1050","340405","八公山区","794"
"1051","340406","潘集区","794"
"1052","340421","凤台县","794"
"1053","340501","市辖区","795"
"1054","340502","金家庄区","795"
"1055","340503","花山区","795"
"1056","340504","雨山区","795"
"1057","340521","当涂县","795"
"1058","340601","市辖区","796"
"1059","340602","杜集区","796"
"1060","340603","相山区","796"
"1061","340604","烈山区","796"
"1062","340621","濉溪县","796"
"1063","340701","市辖区","797"
"1064","340702","铜官山区","797"
"1065","340703","狮子山区","797"
"1066","340711","郊　区","797"
"1067","340721","铜陵县","797"
"1068","340801","市辖区","798"
"1069","340802","迎江区","798"
"1070","340803","大观区","798"
"1071","340811","郊　区","798"
"1072","340822","怀宁县","798"
"1073","340823","枞阳县","798"
"1074","340824","潜山县","798"
"1075","340825","太湖县","798"
"1076","340826","宿松县","798"
"1077","340827","望江县","798"
"1078","340828","岳西县","798"
"1079","340881","桐城市","798"
"1080","341001","市辖区","799"
"1081","341002","屯溪区","799"
"1082","341003","黄山区","799"
"1083","341004","徽州区","799"
"1084","341021","歙　县","799"
"1085","341022","休宁县","799"
"1086","341023","黟　县","799"
"1087","341024","祁门县","799"
"1088","341101","市辖区","800"
"1089","341102","琅琊区","800"
"1090","341103","南谯区","800"
"1091","341122","来安县","800"
"1092","341124","全椒县","800"
"1093","341125","定远县","800"
"1094","341126","凤阳县","800"
"1095","341181","天长市","800"
"1096","341182","明光市","800"
"1097","341201","市辖区","801"
"1098","341202","颍州区","801"
"1099","341203","颍东区","801"
"1100","341204","颍泉区","801"
"1101","341221","临泉县","801"
"1102","341222","太和县","801"
"1103","341225","阜南县","801"
"1104","341226","颍上县","801"
"1105","341282","界首市","801"
"1106","341301","市辖区","802"
"1107","341302","墉桥区","802"
"1108","341321","砀山县","802"
"1109","341322","萧　县","802"
"1110","341323","灵璧县","802"
"1111","341324","泗　县","802"
"1112","341401","市辖区","803"
"1113","341402","居巢区","803"
"1114","341421","庐江县","803"
"1115","341422","无为县","803"
"1116","341423","含山县","803"
"1117","341424","和　县","803"
"1118","341501","市辖区","804"
"1119","341502","金安区","804"
"1120","341503","裕安区","804"
"1121","341521","寿　县","804"
"1122","341522","霍邱县","804"
"1123","341523","舒城县","804"
"1124","341524","金寨县","804"
"1125","341525","霍山县","804"
"1126","341601","市辖区","805"
"1127","341602","谯城区","805"
"1128","341621","涡阳县","805"
"1129","341622","蒙城县","805"
"1130","341623","利辛县","805"
"1131","341701","市辖区","806"
"1132","341702","贵池区","806"
"1133","341721","东至县","806"
"1134","341722","石台县","806"
"1135","341723","青阳县","806"
"1136","341801","市辖区","807"
"1137","341802","宣州区","807"
"1138","341821","郎溪县","807"
"1139","341822","广德县","807"
"1140","341823","泾　县","807"
"1141","341824","绩溪县","807"
"1142","341825","旌德县","807"
"1143","341881","宁国市","807"
"1144","350101","市辖区","808"
"1145","350102","鼓楼区","808"
"1146","350103","台江区","808"
"1147","350104","仓山区","808"
"1148","350105","马尾区","808"
"1149","350111","晋安区","808"
"1150","350121","闽侯县","808"
"1151","350122","连江县","808"
"1152","350123","罗源县","808"
"1153","350124","闽清县","808"
"1154","350125","永泰县","808"
"1155","350128","平潭县","808"
"1156","350181","福清市","808"
"1157","350182","长乐市","808"
"1158","350201","市辖区","809"
"1159","350203","思明区","809"
"1160","350205","海沧区","809"
"1161","350206","湖里区","809"
"1162","350211","集美区","809"
"1163","350212","同安区","809"
"1164","350213","翔安区","809"
"1165","350301","市辖区","810"
"1166","350302","城厢区","810"
"1167","350303","涵江区","810"
"1168","350304","荔城区","810"
"1169","350305","秀屿区","810"
"1170","350322","仙游县","810"
"1171","350401","市辖区","811"
"1172","350402","梅列区","811"
"1173","350403","三元区","811"
"1174","350421","明溪县","811"
"1175","350423","清流县","811"
"1176","350424","宁化县","811"
"1177","350425","大田县","811"
"1178","350426","尤溪县","811"
"1179","350427","沙　县","811"
"1180","350428","将乐县","811"
"1181","350429","泰宁县","811"
"1182","350430","建宁县","811"
"1183","350481","永安市","811"
"1184","350501","市辖区","812"
"1185","350502","鲤城区","812"
"1186","350503","丰泽区","812"
"1187","350504","洛江区","812"
"1188","350505","泉港区","812"
"1189","350521","惠安县","812"
"1190","350524","安溪县","812"
"1191","350525","永春县","812"
"1192","350526","德化县","812"
"1193","350527","金门县","812"
"1194","350581","石狮市","812"
"1195","350582","晋江市","812"
"1196","350583","南安市","812"
"1197","350601","市辖区","813"
"1198","350602","芗城区","813"
"1199","350603","龙文区","813"
"1200","350622","云霄县","813"
"1201","350623","漳浦县","813"
"1202","350624","诏安县","813"
"1203","350625","长泰县","813"
"1204","350626","东山县","813"
"1205","350627","南靖县","813"
"1206","350628","平和县","813"
"1207","350629","华安县","813"
"1208","350681","龙海市","813"
"1209","350701","市辖区","814"
"1210","350702","延平区","814"
"1211","350721","顺昌县","814"
"1212","350722","浦城县","814"
"1213","350723","光泽县","814"
"1214","350724","松溪县","814"
"1215","350725","政和县","814"
"1216","350781","邵武市","814"
"1217","350782","武夷山市","814"
"1218","350783","建瓯市","814"
"1219","350784","建阳市","814"
"1220","350801","市辖区","815"
"1221","350802","新罗区","815"
"1222","350821","长汀县","815"
"1223","350822","永定县","815"
"1224","350823","上杭县","815"
"1225","350824","武平县","815"
"1226","350825","连城县","815"
"1227","350881","漳平市","815"
"1228","350901","市辖区","816"
"1229","350902","蕉城区","816"
"1230","350921","霞浦县","816"
"1231","350922","古田县","816"
"1232","350923","屏南县","816"
"1233","350924","寿宁县","816"
"1234","350925","周宁县","816"
"1235","350926","柘荣县","816"
"1236","350981","福安市","816"
"1237","350982","福鼎市","816"
"1238","360101","市辖区","817"
"1239","360102","东湖区","817"
"1240","360103","西湖区","817"
"1241","360104","青云谱区","817"
"1242","360105","湾里区","817"
"1243","360111","青山湖区","817"
"1244","360121","南昌县","817"
"1245","360122","新建县","817"
"1246","360123","安义县","817"
"1247","360124","进贤县","817"
"1248","360201","市辖区","818"
"1249","360202","昌江区","818"
"1250","360203","珠山区","818"
"1251","360222","浮梁县","818"
"1252","360281","乐平市","818"
"1253","360301","市辖区","819"
"1254","360302","安源区","819"
"1255","360313","湘东区","819"
"1256","360321","莲花县","819"
"1257","360322","上栗县","819"
"1258","360323","芦溪县","819"
"1259","360401","市辖区","820"
"1260","360402","庐山区","820"
"1261","360403","浔阳区","820"
"1262","360421","九江县","820"
"1263","360423","武宁县","820"
"1264","360424","修水县","820"
"1265","360425","永修县","820"
"1266","360426","德安县","820"
"1267","360427","星子县","820"
"1268","360428","都昌县","820"
"1269","360429","湖口县","820"
"1270","360430","彭泽县","820"
"1271","360481","瑞昌市","820"
"1272","360501","市辖区","821"
"1273","360502","渝水区","821"
"1274","360521","分宜县","821"
"1275","360601","市辖区","822"
"1276","360602","月湖区","822"
"1277","360622","余江县","822"
"1278","360681","贵溪市","822"
"1279","360701","市辖区","823"
"1280","360702","章贡区","823"
"1281","360721","赣　县","823"
"1282","360722","信丰县","823"
"1283","360723","大余县","823"
"1284","360724","上犹县","823"
"1285","360725","崇义县","823"
"1286","360726","安远县","823"
"1287","360727","龙南县","823"
"1288","360728","定南县","823"
"1289","360729","全南县","823"
"1290","360730","宁都县","823"
"1291","360731","于都县","823"
"1292","360732","兴国县","823"
"1293","360733","会昌县","823"
"1294","360734","寻乌县","823"
"1295","360735","石城县","823"
"1296","360781","瑞金市","823"
"1297","360782","南康市","823"
"1298","360801","市辖区","824"
"1299","360802","吉州区","824"
"1300","360803","青原区","824"
"1301","360821","吉安县","824"
"1302","360822","吉水县","824"
"1303","360823","峡江县","824"
"1304","360824","新干县","824"
"1305","360825","永丰县","824"
"1306","360826","泰和县","824"
"1307","360827","遂川县","824"
"1308","360828","万安县","824"
"1309","360829","安福县","824"
"1310","360830","永新县","824"
"1311","360881","井冈山市","824"
"1312","360901","市辖区","825"
"1313","360902","袁州区","825"
"1314","360921","奉新县","825"
"1315","360922","万载县","825"
"1316","360923","上高县","825"
"1317","360924","宜丰县","825"
"1318","360925","靖安县","825"
"1319","360926","铜鼓县","825"
"1320","360981","丰城市","825"
"1321","360982","樟树市","825"
"1322","360983","高安市","825"
"1323","361001","市辖区","826"
"1324","361002","临川区","826"
"1325","361021","南城县","826"
"1326","361022","黎川县","826"
"1327","361023","南丰县","826"
"1328","361024","崇仁县","826"
"1329","361025","乐安县","826"
"1330","361026","宜黄县","826"
"1331","361027","金溪县","826"
"1332","361028","资溪县","826"
"1333","361029","东乡县","826"
"1334","361030","广昌县","826"
"1335","361101","市辖区","827"
"1336","361102","信州区","827"
"1337","361121","上饶县","827"
"1338","361122","广丰县","827"
"1339","361123","玉山县","827"
"1340","361124","铅山县","827"
"1341","361125","横峰县","827"
"1342","361126","弋阳县","827"
"1343","361127","余干县","827"
"1344","361128","鄱阳县","827"
"1345","361129","万年县","827"
"1346","361130","婺源县","827"
"1347","361181","德兴市","827"
"1348","370101","市辖区","828"
"1349","370102","历下区","828"
"1350","370103","市中区","828"
"1351","370104","槐荫区","828"
"1352","370105","天桥区","828"
"1353","370112","历城区","828"
"1354","370113","长清区","828"
"1355","370124","平阴县","828"
"1356","370125","济阳县","828"
"1357","370126","商河县","828"
"1358","370181","章丘市","828"
"1359","370201","市辖区","829"
"1360","370202","市南区","829"
"1361","370203","市北区","829"
"1362","370205","四方区","829"
"1363","370211","黄岛区","829"
"1364","370212","崂山区","829"
"1365","370213","李沧区","829"
"1366","370214","城阳区","829"
"1367","370281","胶州市","829"
"1368","370282","即墨市","829"
"1369","370283","平度市","829"
"1370","370284","胶南市","829"
"1371","370285","莱西市","829"
"1372","370301","市辖区","830"
"1373","370302","淄川区","830"
"1374","370303","张店区","830"
"1375","370304","博山区","830"
"1376","370305","临淄区","830"
"1377","370306","周村区","830"
"1378","370321","桓台县","830"
"1379","370322","高青县","830"
"1380","370323","沂源县","830"
"1381","370401","市辖区","831"
"1382","370402","市中区","831"
"1383","370403","薛城区","831"
"1384","370404","峄城区","831"
"1385","370405","台儿庄区","831"
"1386","370406","山亭区","831"
"1387","370481","滕州市","831"
"1388","370501","市辖区","832"
"1389","370502","东营区","832"
"1390","370503","河口区","832"
"1391","370521","垦利县","832"
"1392","370522","利津县","832"
"1393","370523","广饶县","832"
"1394","370601","市辖区","833"
"1395","370602","芝罘区","833"
"1396","370611","福山区","833"
"1397","370612","牟平区","833"
"1398","370613","莱山区","833"
"1399","370634","长岛县","833"
"1400","370681","龙口市","833"
"1401","370682","莱阳市","833"
"1402","370683","莱州市","833"
"1403","370684","蓬莱市","833"
"1404","370685","招远市","833"
"1405","370686","栖霞市","833"
"1406","370687","海阳市","833"
"1407","370701","市辖区","834"
"1408","370702","潍城区","834"
"1409","370703","寒亭区","834"
"1410","370704","坊子区","834"
"1411","370705","奎文区","834"
"1412","370724","临朐县","834"
"1413","370725","昌乐县","834"
"1414","370781","青州市","834"
"1415","370782","诸城市","834"
"1416","370783","寿光市","834"
"1417","370784","安丘市","834"
"1418","370785","高密市","834"
"1419","370786","昌邑市","834"
"1420","370801","市辖区","835"
"1421","370802","市中区","835"
"1422","370811","任城区","835"
"1423","370826","微山县","835"
"1424","370827","鱼台县","835"
"1425","370828","金乡县","835"
"1426","370829","嘉祥县","835"
"1427","370830","汶上县","835"
"1428","370831","泗水县","835"
"1429","370832","梁山县","835"
"1430","370881","曲阜市","835"
"1431","370882","兖州市","835"
"1432","370883","邹城市","835"
"1433","370901","市辖区","836"
"1434","370902","泰山区","836"
"1435","370903","岱岳区","836"
"1436","370921","宁阳县","836"
"1437","370923","东平县","836"
"1438","370982","新泰市","836"
"1439","370983","肥城市","836"
"1440","371001","市辖区","837"
"1441","371002","环翠区","837"
"1442","371081","文登市","837"
"1443","371082","荣成市","837"
"1444","371083","乳山市","837"
"1445","371101","市辖区","838"
"1446","371102","东港区","838"
"1447","371103","岚山区","838"
"1448","371121","五莲县","838"
"1449","371122","莒　县","838"
"1450","371201","市辖区","839"
"1451","371202","莱城区","839"
"1452","371203","钢城区","839"
"1453","371301","市辖区","840"
"1454","371302","兰山区","840"
"1455","371311","罗庄区","840"
"1456","371312","河东区","840"
"1457","371321","沂南县","840"
"1458","371322","郯城县","840"
"1459","371323","沂水县","840"
"1460","371324","苍山县","840"
"1461","371325","费　县","840"
"1462","371326","平邑县","840"
"1463","371327","莒南县","840"
"1464","371328","蒙阴县","840"
"1465","371329","临沭县","840"
"1466","371401","市辖区","841"
"1467","371402","德城区","841"
"1468","371421","陵　县","841"
"1469","371422","宁津县","841"
"1470","371423","庆云县","841"
"1471","371424","临邑县","841"
"1472","371425","齐河县","841"
"1473","371426","平原县","841"
"1474","371427","夏津县","841"
"1475","371428","武城县","841"
"1476","371481","乐陵市","841"
"1477","371482","禹城市","841"
"1478","371501","市辖区","842"
"1479","371502","东昌府区","842"
"1480","371521","阳谷县","842"
"1481","371522","莘　县","842"
"1482","371523","茌平县","842"
"1483","371524","东阿县","842"
"1484","371525","冠　县","842"
"1485","371526","高唐县","842"
"1486","371581","临清市","842"
"1487","371601","市辖区","843"
"1488","371602","滨城区","843"
"1489","371621","惠民县","843"
"1490","371622","阳信县","843"
"1491","371623","无棣县","843"
"1492","371624","沾化县","843"
"1493","371625","博兴县","843"
"1494","371626","邹平县","843"
"1495","371701","市辖区","844"
"1496","371702","牡丹区","844"
"1497","371721","曹　县","844"
"1498","371722","单　县","844"
"1499","371723","成武县","844"
"1500","371724","巨野县","844"
"1501","371725","郓城县","844"
"1502","371726","鄄城县","844"
"1503","371727","定陶县","844"
"1504","371728","东明县","844"
"1505","410101","市辖区","845"
"1506","410102","中原区","845"
"1507","410103","二七区","845"
"1508","410104","管城回族区","845"
"1509","410105","金水区","845"
"1510","410106","上街区","845"
"1511","410108","邙山区","845"
"1512","410122","中牟县","845"
"1513","410181","巩义市","845"
"1514","410182","荥阳市","845"
"1515","410183","新密市","845"
"1516","410184","新郑市","845"
"1517","410185","登封市","845"
"1518","410201","市辖区","846"
"1519","410202","龙亭区","846"
"1520","410203","顺河回族区","846"
"1521","410204","鼓楼区","846"
"1522","410205","南关区","846"
"1523","410211","郊　区","846"
"1524","410221","杞　县","846"
"1525","410222","通许县","846"
"1526","410223","尉氏县","846"
"1527","410224","开封县","846"
"1528","410225","兰考县","846"
"1529","410301","市辖区","847"
"1530","410302","老城区","847"
"1531","410303","西工区","847"
"1532","410304","廛河回族区","847"
"1533","410305","涧西区","847"
"1534","410306","吉利区","847"
"1535","410307","洛龙区","847"
"1536","410322","孟津县","847"
"1537","410323","新安县","847"
"1538","410324","栾川县","847"
"1539","410325","嵩　县","847"
"1540","410326","汝阳县","847"
"1541","410327","宜阳县","847"
"1542","410328","洛宁县","847"
"1543","410329","伊川县","847"
"1544","410381","偃师市","847"
"1545","410401","市辖区","848"
"1546","410402","新华区","848"
"1547","410403","卫东区","848"
"1548","410404","石龙区","848"
"1549","410411","湛河区","848"
"1550","410421","宝丰县","848"
"1551","410422","叶　县","848"
"1552","410423","鲁山县","848"
"1553","410425","郏　县","848"
"1554","410481","舞钢市","848"
"1555","410482","汝州市","848"
"1556","410501","市辖区","849"
"1557","410502","文峰区","849"
"1558","410503","北关区","849"
"1559","410505","殷都区","849"
"1560","410506","龙安区","849"
"1561","410522","安阳县","849"
"1562","410523","汤阴县","849"
"1563","410526","滑　县","849"
"1564","410527","内黄县","849"
"1565","410581","林州市","849"
"1566","410601","市辖区","850"
"1567","410602","鹤山区","850"
"1568","410603","山城区","850"
"1569","410611","淇滨区","850"
"1570","410621","浚　县","850"
"1571","410622","淇　县","850"
"1572","410701","市辖区","851"
"1573","410702","红旗区","851"
"1574","410703","卫滨区","851"
"1575","410704","凤泉区","851"
"1576","410711","牧野区","851"
"1577","410721","新乡县","851"
"1578","410724","获嘉县","851"
"1579","410725","原阳县","851"
"1580","410726","延津县","851"
"1581","410727","封丘县","851"
"1582","410728","长垣县","851"
"1583","410781","卫辉市","851"
"1584","410782","辉县市","851"
"1585","410801","市辖区","852"
"1586","410802","解放区","852"
"1587","410803","中站区","852"
"1588","410804","马村区","852"
"1589","410811","山阳区","852"
"1590","410821","修武县","852"
"1591","410822","博爱县","852"
"1592","410823","武陟县","852"
"1593","410825","温　县","852"
"1594","410881","济源市","852"
"1595","410882","沁阳市","852"
"1596","410883","孟州市","852"
"1597","410901","市辖区","853"
"1598","410902","华龙区","853"
"1599","410922","清丰县","853"
"1600","410923","南乐县","853"
"1601","410926","范　县","853"
"1602","410927","台前县","853"
"1603","410928","濮阳县","853"
"1604","411001","市辖区","854"
"1605","411002","魏都区","854"
"1606","411023","许昌县","854"
"1607","411024","鄢陵县","854"
"1608","411025","襄城县","854"
"1609","411081","禹州市","854"
"1610","411082","长葛市","854"
"1611","411101","市辖区","855"
"1612","411102","源汇区","855"
"1613","411103","郾城区","855"
"1614","411104","召陵区","855"
"1615","411121","舞阳县","855"
"1616","411122","临颍县","855"
"1617","411201","市辖区","856"
"1618","411202","湖滨区","856"
"1619","411221","渑池县","856"
"1620","411222","陕　县","856"
"1621","411224","卢氏县","856"
"1622","411281","义马市","856"
"1623","411282","灵宝市","856"
"1624","411301","市辖区","857"
"1625","411302","宛城区","857"
"1626","411303","卧龙区","857"
"1627","411321","南召县","857"
"1628","411322","方城县","857"
"1629","411323","西峡县","857"
"1630","411324","镇平县","857"
"1631","411325","内乡县","857"
"1632","411326","淅川县","857"
"1633","411327","社旗县","857"
"1634","411328","唐河县","857"
"1635","411329","新野县","857"
"1636","411330","桐柏县","857"
"1637","411381","邓州市","857"
"1638","411401","市辖区","858"
"1639","411402","梁园区","858"
"1640","411403","睢阳区","858"
"1641","411421","民权县","858"
"1642","411422","睢　县","858"
"1643","411423","宁陵县","858"
"1644","411424","柘城县","858"
"1645","411425","虞城县","858"
"1646","411426","夏邑县","858"
"1647","411481","永城市","858"
"1648","411501","市辖区","859"
"1649","411502","师河区","859"
"1650","411503","平桥区","859"
"1651","411521","罗山县","859"
"1652","411522","光山县","859"
"1653","411523","新　县","859"
"1654","411524","商城县","859"
"1655","411525","固始县","859"
"1656","411526","潢川县","859"
"1657","411527","淮滨县","859"
"1658","411528","息　县","859"
"1659","411601","市辖区","860"
"1660","411602","川汇区","860"
"1661","411621","扶沟县","860"
"1662","411622","西华县","860"
"1663","411623","商水县","860"
"1664","411624","沈丘县","860"
"1665","411625","郸城县","860"
"1666","411626","淮阳县","860"
"1667","411627","太康县","860"
"1668","411628","鹿邑县","860"
"1669","411681","项城市","860"
"1670","411701","市辖区","861"
"1671","411702","驿城区","861"
"1672","411721","西平县","861"
"1673","411722","上蔡县","861"
"1674","411723","平舆县","861"
"1675","411724","正阳县","861"
"1676","411725","确山县","861"
"1677","411726","泌阳县","861"
"1678","411727","汝南县","861"
"1679","411728","遂平县","861"
"1680","411729","新蔡县","861"
"1681","420101","市辖区","862"
"1682","420102","江岸区","862"
"1683","420103","江汉区","862"
"1684","420104","乔口区","862"
"1685","420105","汉阳区","862"
"1686","420106","武昌区","862"
"1687","420107","青山区","862"
"1688","420111","洪山区","862"
"1689","420112","东西湖区","862"
"1690","420113","汉南区","862"
"1691","420114","蔡甸区","862"
"1692","420115","江夏区","862"
"1693","420116","黄陂区","862"
"1694","420117","新洲区","862"
"1695","420201","市辖区","863"
"1696","420202","黄石港区","863"
"1697","420203","西塞山区","863"
"1698","420204","下陆区","863"
"1699","420205","铁山区","863"
"1700","420222","阳新县","863"
"1701","420281","大冶市","863"
"1702","420301","市辖区","864"
"1703","420302","茅箭区","864"
"1704","420303","张湾区","864"
"1705","420321","郧　县","864"
"1706","420322","郧西县","864"
"1707","420323","竹山县","864"
"1708","420324","竹溪县","864"
"1709","420325","房　县","864"
"1710","420381","丹江口市","864"
"1711","420501","市辖区","865"
"1712","420502","西陵区","865"
"1713","420503","伍家岗区","865"
"1714","420504","点军区","865"
"1715","420505","猇亭区","865"
"1716","420506","夷陵区","865"
"1717","420525","远安县","865"
"1718","420526","兴山县","865"
"1719","420527","秭归县","865"
"1720","420528","长阳土家族自治县","865"
"1721","420529","五峰土家族自治县","865"
"1722","420581","宜都市","865"
"1723","420582","当阳市","865"
"1724","420583","枝江市","865"
"1725","420601","市辖区","866"
"1726","420602","襄城区","866"
"1727","420606","樊城区","866"
"1728","420607","襄阳区","866"
"1729","420624","南漳县","866"
"1730","420625","谷城县","866"
"1731","420626","保康县","866"
"1732","420682","老河口市","866"
"1733","420683","枣阳市","866"
"1734","420684","宜城市","866"
"1735","420701","市辖区","867"
"1736","420702","梁子湖区","867"
"1737","420703","华容区","867"
"1738","420704","鄂城区","867"
"1739","420801","市辖区","868"
"1740","420802","东宝区","868"
"1741","420804","掇刀区","868"
"1742","420821","京山县","868"
"1743","420822","沙洋县","868"
"1744","420881","钟祥市","868"
"1745","420901","市辖区","869"
"1746","420902","孝南区","869"
"1747","420921","孝昌县","869"
"1748","420922","大悟县","869"
"1749","420923","云梦县","869"
"1750","420981","应城市","869"
"1751","420982","安陆市","869"
"1752","420984","汉川市","869"
"1753","421001","市辖区","870"
"1754","421002","沙市区","870"
"1755","421003","荆州区","870"
"1756","421022","公安县","870"
"1757","421023","监利县","870"
"1758","421024","江陵县","870"
"1759","421081","石首市","870"
"1760","421083","洪湖市","870"
"1761","421087","松滋市","870"
"1762","421101","市辖区","871"
"1763","421102","黄州区","871"
"1764","421121","团风县","871"
"1765","421122","红安县","871"
"1766","421123","罗田县","871"
"1767","421124","英山县","871"
"1768","421125","浠水县","871"
"1769","421126","蕲春县","871"
"1770","421127","黄梅县","871"
"1771","421181","麻城市","871"
"1772","421182","武穴市","871"
"1773","421201","市辖区","872"
"1774","421202","咸安区","872"
"1775","421221","嘉鱼县","872"
"1776","421222","通城县","872"
"1777","421223","崇阳县","872"
"1778","421224","通山县","872"
"1779","421281","赤壁市","872"
"1780","421301","市辖区","873"
"1781","421302","曾都区","873"
"1782","421381","广水市","873"
"1783","422801","恩施市","874"
"1784","422802","利川市","874"
"1785","422822","建始县","874"
"1786","422823","巴东县","874"
"1787","422825","宣恩县","874"
"1788","422826","咸丰县","874"
"1789","422827","来凤县","874"
"1790","422828","鹤峰县","874"
"1791","429004","仙桃市","875"
"1792","429005","潜江市","875"
"1793","429006","天门市","875"
"1794","429021","神农架林区","875"
"1795","430101","市辖区","876"
"1796","430102","芙蓉区","876"
"1797","430103","天心区","876"
"1798","430104","岳麓区","876"
"1799","430105","开福区","876"
"1800","430111","雨花区","876"
"1801","430121","长沙县","876"
"1802","430122","望城县","876"
"1803","430124","宁乡县","876"
"1804","430181","浏阳市","876"
"1805","430201","市辖区","877"
"1806","430202","荷塘区","877"
"1807","430203","芦淞区","877"
"1808","430204","石峰区","877"
"1809","430211","天元区","877"
"1810","430221","株洲县","877"
"1811","430223","攸　县","877"
"1812","430224","茶陵县","877"
"1813","430225","炎陵县","877"
"1814","430281","醴陵市","877"
"1815","430301","市辖区","878"
"1816","430302","雨湖区","878"
"1817","430304","岳塘区","878"
"1818","430321","湘潭县","878"
"1819","430381","湘乡市","878"
"1820","430382","韶山市","878"
"1821","430401","市辖区","879"
"1822","430405","珠晖区","879"
"1823","430406","雁峰区","879"
"1824","430407","石鼓区","879"
"1825","430408","蒸湘区","879"
"1826","430412","南岳区","879"
"1827","430421","衡阳县","879"
"1828","430422","衡南县","879"
"1829","430423","衡山县","879"
"1830","430424","衡东县","879"
"1831","430426","祁东县","879"
"1832","430481","耒阳市","879"
"1833","430482","常宁市","879"
"1834","430501","市辖区","880"
"1835","430502","双清区","880"
"1836","430503","大祥区","880"
"1837","430511","北塔区","880"
"1838","430521","邵东县","880"
"1839","430522","新邵县","880"
"1840","430523","邵阳县","880"
"1841","430524","隆回县","880"
"1842","430525","洞口县","880"
"1843","430527","绥宁县","880"
"1844","430528","新宁县","880"
"1845","430529","城步苗族自治县","880"
"1846","430581","武冈市","880"
"1847","430601","市辖区","881"
"1848","430602","岳阳楼区","881"
"1849","430603","云溪区","881"
"1850","430611","君山区","881"
"1851","430621","岳阳县","881"
"1852","430623","华容县","881"
"1853","430624","湘阴县","881"
"1854","430626","平江县","881"
"1855","430681","汨罗市","881"
"1856","430682","临湘市","881"
"1857","430701","市辖区","882"
"1858","430702","武陵区","882"
"1859","430703","鼎城区","882"
"1860","430721","安乡县","882"
"1861","430722","汉寿县","882"
"1862","430723","澧　县","882"
"1863","430724","临澧县","882"
"1864","430725","桃源县","882"
"1865","430726","石门县","882"
"1866","430781","津市市","882"
"1867","430801","市辖区","883"
"1868","430802","永定区","883"
"1869","430811","武陵源区","883"
"1870","430821","慈利县","883"
"1871","430822","桑植县","883"
"1872","430901","市辖区","884"
"1873","430902","资阳区","884"
"1874","430903","赫山区","884"
"1875","430921","南　县","884"
"1876","430922","桃江县","884"
"1877","430923","安化县","884"
"1878","430981","沅江市","884"
"1879","431001","市辖区","885"
"1880","431002","北湖区","885"
"1881","431003","苏仙区","885"
"1882","431021","桂阳县","885"
"1883","431022","宜章县","885"
"1884","431023","永兴县","885"
"1885","431024","嘉禾县","885"
"1886","431025","临武县","885"
"1887","431026","汝城县","885"
"1888","431027","桂东县","885"
"1889","431028","安仁县","885"
"1890","431081","资兴市","885"
"1891","431101","市辖区","886"
"1892","431102","芝山区","886"
"1893","431103","冷水滩区","886"
"1894","431121","祁阳县","886"
"1895","431122","东安县","886"
"1896","431123","双牌县","886"
"1897","431124","道　县","886"
"1898","431125","江永县","886"
"1899","431126","宁远县","886"
"1900","431127","蓝山县","886"
"1901","431128","新田县","886"
"1902","431129","江华瑶族自治县","886"
"1903","431201","市辖区","887"
"1904","431202","鹤城区","887"
"1905","431221","中方县","887"
"1906","431222","沅陵县","887"
"1907","431223","辰溪县","887"
"1908","431224","溆浦县","887"
"1909","431225","会同县","887"
"1910","431226","麻阳苗族自治县","887"
"1911","431227","新晃侗族自治县","887"
"1912","431228","芷江侗族自治县","887"
"1913","431229","靖州苗族侗族自治县","887"
"1914","431230","通道侗族自治县","887"
"1915","431281","洪江市","887"
"1916","431301","市辖区","888"
"1917","431302","娄星区","888"
"1918","431321","双峰县","888"
"1919","431322","新化县","888"
"1920","431381","冷水江市","888"
"1921","431382","涟源市","888"
"1922","433101","吉首市","889"
"1923","433122","泸溪县","889"
"1924","433123","凤凰县","889"
"1925","433124","花垣县","889"
"1926","433125","保靖县","889"
"1927","433126","古丈县","889"
"1928","433127","永顺县","889"
"1929","433130","龙山县","889"
"1930","440101","市辖区","890"
"1931","440102","东山区","890"
"1932","440103","荔湾区","890"
"1933","440104","越秀区","890"
"1934","440105","海珠区","890"
"1935","440106","天河区","890"
"1936","440107","芳村区","890"
"1937","440111","白云区","890"
"1938","440112","黄埔区","890"
"1939","440113","番禺区","890"
"1940","440114","花都区","890"
"1941","440183","增城市","890"
"1942","440184","从化市","890"
"1943","440201","市辖区","891"
"1944","440203","武江区","891"
"1945","440204","浈江区","891"
"1946","440205","曲江区","891"
"1947","440222","始兴县","891"
"1948","440224","仁化县","891"
"1949","440229","翁源县","891"
"1950","440232","乳源瑶族自治县","891"
"1951","440233","新丰县","891"
"1952","440281","乐昌市","891"
"1953","440282","南雄市","891"
"1954","440301","市辖区","892"
"1955","440303","罗湖区","892"
"1956","440304","福田区","892"
"1957","440305","南山区","892"
"1958","440306","宝安区","892"
"1959","440307","龙岗区","892"
"1960","440308","盐田区","892"
"1961","440401","市辖区","893"
"1962","440402","香洲区","893"
"1963","440403","斗门区","893"
"1964","440404","金湾区","893"
"1965","440501","市辖区","894"
"1966","440507","龙湖区","894"
"1967","440511","金平区","894"
"1968","440512","濠江区","894"
"1969","440513","潮阳区","894"
"1970","440514","潮南区","894"
"1971","440515","澄海区","894"
"1972","440523","南澳县","894"
"1973","440601","市辖区","895"
"1974","440604","禅城区","895"
"1975","440605","南海区","895"
"1976","440606","顺德区","895"
"1977","440607","三水区","895"
"1978","440608","高明区","895"
"1979","440701","市辖区","896"
"1980","440703","蓬江区","896"
"1981","440704","江海区","896"
"1982","440705","新会区","896"
"1983","440781","台山市","896"
"1984","440783","开平市","896"
"1985","440784","鹤山市","896"
"1986","440785","恩平市","896"
"1987","440801","市辖区","897"
"1988","440802","赤坎区","897"
"1989","440803","霞山区","897"
"1990","440804","坡头区","897"
"1991","440811","麻章区","897"
"1992","440823","遂溪县","897"
"1993","440825","徐闻县","897"
"1994","440881","廉江市","897"
"1995","440882","雷州市","897"
"1996","440883","吴川市","897"
"1997","440901","市辖区","898"
"1998","440902","茂南区","898"
"1999","440903","茂港区","898"
"2000","440923","电白县","898"
"2001","440981","高州市","898"
"2002","440982","化州市","898"
"2003","440983","信宜市","898"
"2004","441201","市辖区","899"
"2005","441202","端州区","899"
"2006","441203","鼎湖区","899"
"2007","441223","广宁县","899"
"2008","441224","怀集县","899"
"2009","441225","封开县","899"
"2010","441226","德庆县","899"
"2011","441283","高要市","899"
"2012","441284","四会市","899"
"2013","441301","市辖区","900"
"2014","441302","惠城区","900"
"2015","441303","惠阳区","900"
"2016","441322","博罗县","900"
"2017","441323","惠东县","900"
"2018","441324","龙门县","900"
"2019","441401","市辖区","901"
"2020","441402","梅江区","901"
"2021","441421","梅　县","901"
"2022","441422","大埔县","901"
"2023","441423","丰顺县","901"
"2024","441424","五华县","901"
"2025","441426","平远县","901"
"2026","441427","蕉岭县","901"
"2027","441481","兴宁市","901"
"2028","441501","市辖区","902"
"2029","441502","城　区","902"
"2030","441521","海丰县","902"
"2031","441523","陆河县","902"
"2032","441581","陆丰市","902"
"2033","441601","市辖区","903"
"2034","441602","源城区","903"
"2035","441621","紫金县","903"
"2036","441622","龙川县","903"
"2037","441623","连平县","903"
"2038","441624","和平县","903"
"2039","441625","东源县","903"
"2040","441701","市辖区","904"
"2041","441702","江城区","904"
"2042","441721","阳西县","904"
"2043","441723","阳东县","904"
"2044","441781","阳春市","904"
"2045","441801","市辖区","905"
"2046","441802","清城区","905"
"2047","441821","佛冈县","905"
"2048","441823","阳山县","905"
"2049","441825","连山壮族瑶族自治县","905"
"2050","441826","连南瑶族自治县","905"
"2051","441827","清新县","905"
"2052","441881","英德市","905"
"2053","441882","连州市","905"
"2054","445101","市辖区","908"
"2055","445102","湘桥区","908"
"2056","445121","潮安县","908"
"2057","445122","饶平县","908"
"2058","445201","市辖区","909"
"2059","445202","榕城区","909"
"2060","445221","揭东县","909"
"2061","445222","揭西县","909"
"2062","445224","惠来县","909"
"2063","445281","普宁市","909"
"2064","445301","市辖区","910"
"2065","445302","云城区","910"
"2066","445321","新兴县","910"
"2067","445322","郁南县","910"
"2068","445323","云安县","910"
"2069","445381","罗定市","910"
"2070","450101","市辖区","911"
"2071","450102","兴宁区","911"
"2072","450103","青秀区","911"
"2073","450105","江南区","911"
"2074","450107","西乡塘区","911"
"2075","450108","良庆区","911"
"2076","450109","邕宁区","911"
"2077","450122","武鸣县","911"
"2078","450123","隆安县","911"
"2079","450124","马山县","911"
"2080","450125","上林县","911"
"2081","450126","宾阳县","911"
"2082","450127","横　县","911"
"2083","450201","市辖区","912"
"2084","450202","城中区","912"
"2085","450203","鱼峰区","912"
"2086","450204","柳南区","912"
"2087","450205","柳北区","912"
"2088","450221","柳江县","912"
"2089","450222","柳城县","912"
"2090","450223","鹿寨县","912"
"2091","450224","融安县","912"
"2092","450225","融水苗族自治县","912"
"2093","450226","三江侗族自治县","912"
"2094","450301","市辖区","913"
"2095","450302","秀峰区","913"
"2096","450303","叠彩区","913"
"2097","450304","象山区","913"
"2098","450305","七星区","913"
"2099","450311","雁山区","913"
"2100","450321","阳朔县","913"
"2101","450322","临桂县","913"
"2102","450323","灵川县","913"
"2103","450324","全州县","913"
"2104","450325","兴安县","913"
"2105","450326","永福县","913"
"2106","450327","灌阳县","913"
"2107","450328","龙胜各族自治县","913"
"2108","450329","资源县","913"
"2109","450330","平乐县","913"
"2110","450331","荔蒲县","913"
"2111","450332","恭城瑶族自治县","913"
"2112","450401","市辖区","914"
"2113","450403","万秀区","914"
"2114","450404","蝶山区","914"
"2115","450405","长洲区","914"
"2116","450421","苍梧县","914"
"2117","450422","藤　县","914"
"2118","450423","蒙山县","914"
"2119","450481","岑溪市","914"
"2120","450501","市辖区","915"
"2121","450502","海城区","915"
"2122","450503","银海区","915"
"2123","450512","铁山港区","915"
"2124","450521","合浦县","915"
"2125","450601","市辖区","916"
"2126","450602","港口区","916"
"2127","450603","防城区","916"
"2128","450621","上思县","916"
"2129","450681","东兴市","916"
"2130","450701","市辖区","917"
"2131","450702","钦南区","917"
"2132","450703","钦北区","917"
"2133","450721","灵山县","917"
"2134","450722","浦北县","917"
"2135","450801","市辖区","918"
"2136","450802","港北区","918"
"2137","450803","港南区","918"
"2138","450804","覃塘区","918"
"2139","450821","平南县","918"
"2140","450881","桂平市","918"
"2141","450901","市辖区","919"
"2142","450902","玉州区","919"
"2143","450921","容　县","919"
"2144","450922","陆川县","919"
"2145","450923","博白县","919"
"2146","450924","兴业县","919"
"2147","450981","北流市","919"
"2148","451001","市辖区","920"
"2149","451002","右江区","920"
"2150","451021","田阳县","920"
"2151","451022","田东县","920"
"2152","451023","平果县","920"
"2153","451024","德保县","920"
"2154","451025","靖西县","920"
"2155","451026","那坡县","920"
"2156","451027","凌云县","920"
"2157","451028","乐业县","920"
"2158","451029","田林县","920"
"2159","451030","西林县","920"
"2160","451031","隆林各族自治县","920"
"2161","451101","市辖区","921"
"2162","451102","八步区","921"
"2163","451121","昭平县","921"
"2164","451122","钟山县","921"
"2165","451123","富川瑶族自治县","921"
"2166","451201","市辖区","922"
"2167","451202","金城江区","922"
"2168","451221","南丹县","922"
"2169","451222","天峨县","922"
"2170","451223","凤山县","922"
"2171","451224","东兰县","922"
"2172","451225","罗城仫佬族自治县","922"
"2173","451226","环江毛南族自治县","922"
"2174","451227","巴马瑶族自治县","922"
"2175","451228","都安瑶族自治县","922"
"2176","451229","大化瑶族自治县","922"
"2177","451281","宜州市","922"
"2178","451301","市辖区","923"
"2179","451302","兴宾区","923"
"2180","451321","忻城县","923"
"2181","451322","象州县","923"
"2182","451323","武宣县","923"
"2183","451324","金秀瑶族自治县","923"
"2184","451381","合山市","923"
"2185","451401","市辖区","924"
"2186","451402","江洲区","924"
"2187","451421","扶绥县","924"
"2188","451422","宁明县","924"
"2189","451423","龙州县","924"
"2190","451424","大新县","924"
"2191","451425","天等县","924"
"2192","451481","凭祥市","924"
"2193","460101","市辖区","925"
"2194","460105","秀英区","925"
"2195","460106","龙华区","925"
"2196","460107","琼山区","925"
"2197","460108","美兰区","925"
"2198","460201","市辖区","926"
"2199","469001","五指山市","927"
"2200","469002","琼海市","927"
"2201","469003","儋州市","927"
"2202","469005","文昌市","927"
"2203","469006","万宁市","927"
"2204","469007","东方市","927"
"2205","469025","定安县","927"
"2206","469026","屯昌县","927"
"2207","469027","澄迈县","927"
"2208","469028","临高县","927"
"2209","469030","白沙黎族自治县","927"
"2210","469031","昌江黎族自治县","927"
"2211","469033","乐东黎族自治县","927"
"2212","469034","陵水黎族自治县","927"
"2213","469035","保亭黎族苗族自治县","927"
"2214","469036","琼中黎族苗族自治县","927"
"2215","469037","西沙群岛","927"
"2216","469038","南沙群岛","927"
"2217","469039","中沙群岛的岛礁及其海域","927"
"2218","500101","万州区","928"
"2219","500102","涪陵区","928"
"2220","500103","渝中区","928"
"2221","500104","大渡口区","928"
"2222","500105","江北区","928"
"2223","500106","沙坪坝区","928"
"2224","500107","九龙坡区","928"
"2225","500108","南岸区","928"
"2226","500109","北碚区","928"
"2227","500110","万盛区","928"
"2228","500111","双桥区","928"
"2229","500112","渝北区","928"
"2230","500113","巴南区","928"
"2231","500114","黔江区","928"
"2232","500115","长寿区","928"
"2233","500222","綦江县","929"
"2234","500223","潼南县","929"
"2235","500224","铜梁县","929"
"2236","500225","大足县","929"
"2237","500226","荣昌县","929"
"2238","500227","璧山县","929"
"2239","500228","梁平县","929"
"2240","500229","城口县","929"
"2241","500230","丰都县","929"
"2242","500231","垫江县","929"
"2243","500232","武隆县","929"
"2244","500233","忠　县","929"
"2245","500234","开　县","929"
"2246","500235","云阳县","929"
"2247","500236","奉节县","929"
"2248","500237","巫山县","929"
"2249","500238","巫溪县","929"
"2250","500240","石柱土家族自治县","929"
"2251","500241","秀山土家族苗族自治县","929"
"2252","500242","酉阳土家族苗族自治县","929"
"2253","500243","彭水苗族土家族自治县","929"
"2254","500381","江津市","930"
"2255","500382","合川市","930"
"2256","500383","永川市","930"
"2257","500384","南川市","930"
"2258","510101","市辖区","931"
"2259","510104","锦江区","931"
"2260","510105","青羊区","931"
"2261","510106","金牛区","931"
"2262","510107","武侯区","931"
"2263","510108","成华区","931"
"2264","510112","龙泉驿区","931"
"2265","510113","青白江区","931"
"2266","510114","新都区","931"
"2267","510115","温江区","931"
"2268","510121","金堂县","931"
"2269","510122","双流县","931"
"2270","510124","郫　县","931"
"2271","510129","大邑县","931"
"2272","510131","蒲江县","931"
"2273","510132","新津县","931"
"2274","510181","都江堰市","931"
"2275","510182","彭州市","931"
"2276","510183","邛崃市","931"
"2277","510184","崇州市","931"
"2278","510301","市辖区","932"
"2279","510302","自流井区","932"
"2280","510303","贡井区","932"
"2281","510304","大安区","932"
"2282","510311","沿滩区","932"
"2283","510321","荣　县","932"
"2284","510322","富顺县","932"
"2285","510401","市辖区","933"
"2286","510402","东　区","933"
"2287","510403","西　区","933"
"2288","510411","仁和区","933"
"2289","510421","米易县","933"
"2290","510422","盐边县","933"
"2291","510501","市辖区","934"
"2292","510502","江阳区","934"
"2293","510503","纳溪区","934"
"2294","510504","龙马潭区","934"
"2295","510521","泸　县","934"
"2296","510522","合江县","934"
"2297","510524","叙永县","934"
"2298","510525","古蔺县","934"
"2299","510601","市辖区","935"
"2300","510603","旌阳区","935"
"2301","510623","中江县","935"
"2302","510626","罗江县","935"
"2303","510681","广汉市","935"
"2304","510682","什邡市","935"
"2305","510683","绵竹市","935"
"2306","510701","市辖区","936"
"2307","510703","涪城区","936"
"2308","510704","游仙区","936"
"2309","510722","三台县","936"
"2310","510723","盐亭县","936"
"2311","510724","安　县","936"
"2312","510725","梓潼县","936"
"2313","510726","北川羌族自治县","936"
"2314","510727","平武县","936"
"2315","510781","江油市","936"
"2316","510801","市辖区","937"
"2317","510802","市中区","937"
"2318","510811","元坝区","937"
"2319","510812","朝天区","937"
"2320","510821","旺苍县","937"
"2321","510822","青川县","937"
"2322","510823","剑阁县","937"
"2323","510824","苍溪县","937"
"2324","510901","市辖区","938"
"2325","510903","船山区","938"
"2326","510904","安居区","938"
"2327","510921","蓬溪县","938"
"2328","510922","射洪县","938"
"2329","510923","大英县","938"
"2330","511001","市辖区","939"
"2331","511002","市中区","939"
"2332","511011","东兴区","939"
"2333","511024","威远县","939"
"2334","511025","资中县","939"
"2335","511028","隆昌县","939"
"2336","511101","市辖区","940"
"2337","511102","市中区","940"
"2338","511111","沙湾区","940"
"2339","511112","五通桥区","940"
"2340","511113","金口河区","940"
"2341","511123","犍为县","940"
"2342","511124","井研县","940"
"2343","511126","夹江县","940"
"2344","511129","沐川县","940"
"2345","511132","峨边彝族自治县","940"
"2346","511133","马边彝族自治县","940"
"2347","511181","峨眉山市","940"
"2348","511301","市辖区","941"
"2349","511302","顺庆区","941"
"2350","511303","高坪区","941"
"2351","511304","嘉陵区","941"
"2352","511321","南部县","941"
"2353","511322","营山县","941"
"2354","511323","蓬安县","941"
"2355","511324","仪陇县","941"
"2356","511325","西充县","941"
"2357","511381","阆中市","941"
"2358","511401","市辖区","942"
"2359","511402","东坡区","942"
"2360","511421","仁寿县","942"
"2361","511422","彭山县","942"
"2362","511423","洪雅县","942"
"2363","511424","丹棱县","942"
"2364","511425","青神县","942"
"2365","511501","市辖区","943"
"2366","511502","翠屏区","943"
"2367","511521","宜宾县","943"
"2368","511522","南溪县","943"
"2369","511523","江安县","943"
"2370","511524","长宁县","943"
"2371","511525","高　县","943"
"2372","511526","珙　县","943"
"2373","511527","筠连县","943"
"2374","511528","兴文县","943"
"2375","511529","屏山县","943"
"2376","511601","市辖区","944"
"2377","511602","广安区","944"
"2378","511621","岳池县","944"
"2379","511622","武胜县","944"
"2380","511623","邻水县","944"
"2381","511681","华莹市","944"
"2382","511701","市辖区","945"
"2383","511702","通川区","945"
"2384","511721","达　县","945"
"2385","511722","宣汉县","945"
"2386","511723","开江县","945"
"2387","511724","大竹县","945"
"2388","511725","渠　县","945"
"2389","511781","万源市","945"
"2390","511801","市辖区","946"
"2391","511802","雨城区","946"
"2392","511821","名山县","946"
"2393","511822","荥经县","946"
"2394","511823","汉源县","946"
"2395","511824","石棉县","946"
"2396","511825","天全县","946"
"2397","511826","芦山县","946"
"2398","511827","宝兴县","946"
"2399","511901","市辖区","947"
"2400","511902","巴州区","947"
"2401","511921","通江县","947"
"2402","511922","南江县","947"
"2403","511923","平昌县","947"
"2404","512001","市辖区","948"
"2405","512002","雁江区","948"
"2406","512021","安岳县","948"
"2407","512022","乐至县","948"
"2408","512081","简阳市","948"
"2409","513221","汶川县","949"
"2410","513222","理　县","949"
"2411","513223","茂　县","949"
"2412","513224","松潘县","949"
"2413","513225","九寨沟县","949"
"2414","513226","金川县","949"
"2415","513227","小金县","949"
"2416","513228","黑水县","949"
"2417","513229","马尔康县","949"
"2418","513230","壤塘县","949"
"2419","513231","阿坝县","949"
"2420","513232","若尔盖县","949"
"2421","513233","红原县","949"
"2422","513321","康定县","950"
"2423","513322","泸定县","950"
"2424","513323","丹巴县","950"
"2425","513324","九龙县","950"
"2426","513325","雅江县","950"
"2427","513326","道孚县","950"
"2428","513327","炉霍县","950"
"2429","513328","甘孜县","950"
"2430","513329","新龙县","950"
"2431","513330","德格县","950"
"2432","513331","白玉县","950"
"2433","513332","石渠县","950"
"2434","513333","色达县","950"
"2435","513334","理塘县","950"
"2436","513335","巴塘县","950"
"2437","513336","乡城县","950"
"2438","513337","稻城县","950"
"2439","513338","得荣县","950"
"2440","513401","西昌市","951"
"2441","513422","木里藏族自治县","951"
"2442","513423","盐源县","951"
"2443","513424","德昌县","951"
"2444","513425","会理县","951"
"2445","513426","会东县","951"
"2446","513427","宁南县","951"
"2447","513428","普格县","951"
"2448","513429","布拖县","951"
"2449","513430","金阳县","951"
"2450","513431","昭觉县","951"
"2451","513432","喜德县","951"
"2452","513433","冕宁县","951"
"2453","513434","越西县","951"
"2454","513435","甘洛县","951"
"2455","513436","美姑县","951"
"2456","513437","雷波县","951"
"2457","520101","市辖区","952"
"2458","520102","南明区","952"
"2459","520103","云岩区","952"
"2460","520111","花溪区","952"
"2461","520112","乌当区","952"
"2462","520113","白云区","952"
"2463","520114","小河区","952"
"2464","520121","开阳县","952"
"2465","520122","息烽县","952"
"2466","520123","修文县","952"
"2467","520181","清镇市","952"
"2468","520201","钟山区","953"
"2469","520203","六枝特区","953"
"2470","520221","水城县","953"
"2471","520222","盘　县","953"
"2472","520301","市辖区","954"
"2473","520302","红花岗区","954"
"2474","520303","汇川区","954"
"2475","520321","遵义县","954"
"2476","520322","桐梓县","954"
"2477","520323","绥阳县","954"
"2478","520324","正安县","954"
"2479","520325","道真仡佬族苗族自治县","954"
"2480","520326","务川仡佬族苗族自治县","954"
"2481","520327","凤冈县","954"
"2482","520328","湄潭县","954"
"2483","520329","余庆县","954"
"2484","520330","习水县","954"
"2485","520381","赤水市","954"
"2486","520382","仁怀市","954"
"2487","520401","市辖区","955"
"2488","520402","西秀区","955"
"2489","520421","平坝县","955"
"2490","520422","普定县","955"
"2491","520423","镇宁布依族苗族自治县","955"
"2492","520424","关岭布依族苗族自治县","955"
"2493","520425","紫云苗族布依族自治县","955"
"2494","522201","铜仁市","956"
"2495","522222","江口县","956"
"2496","522223","玉屏侗族自治县","956"
"2497","522224","石阡县","956"
"2498","522225","思南县","956"
"2499","522226","印江土家族苗族自治县","956"
"2500","522227","德江县","956"
"2501","522228","沿河土家族自治县","956"
"2502","522229","松桃苗族自治县","956"
"2503","522230","万山特区","956"
"2504","522301","兴义市","957"
"2505","522322","兴仁县","957"
"2506","522323","普安县","957"
"2507","522324","晴隆县","957"
"2508","522325","贞丰县","957"
"2509","522326","望谟县","957"
"2510","522327","册亨县","957"
"2511","522328","安龙县","957"
"2512","522401","毕节市","958"
"2513","522422","大方县","958"
"2514","522423","黔西县","958"
"2515","522424","金沙县","958"
"2516","522425","织金县","958"
"2517","522426","纳雍县","958"
"2518","522427","威宁彝族回族苗族自治县","958"
"2519","522428","赫章县","958"
"2520","522601","凯里市","959"
"2521","522622","黄平县","959"
"2522","522623","施秉县","959"
"2523","522624","三穗县","959"
"2524","522625","镇远县","959"
"2525","522626","岑巩县","959"
"2526","522627","天柱县","959"
"2527","522628","锦屏县","959"
"2528","522629","剑河县","959"
"2529","522630","台江县","959"
"2530","522631","黎平县","959"
"2531","522632","榕江县","959"
"2532","522633","从江县","959"
"2533","522634","雷山县","959"
"2534","522635","麻江县","959"
"2535","522636","丹寨县","959"
"2536","522701","都匀市","960"
"2537","522702","福泉市","960"
"2538","522722","荔波县","960"
"2539","522723","贵定县","960"
"2540","522725","瓮安县","960"
"2541","522726","独山县","960"
"2542","522727","平塘县","960"
"2543","522728","罗甸县","960"
"2544","522729","长顺县","960"
"2545","522730","龙里县","960"
"2546","522731","惠水县","960"
"2547","522732","三都水族自治县","960"
"2548","530101","市辖区","961"
"2549","530102","五华区","961"
"2550","530103","盘龙区","961"
"2551","530111","官渡区","961"
"2552","530112","西山区","961"
"2553","530113","东川区","961"
"2554","530121","呈贡县","961"
"2555","530122","晋宁县","961"
"2556","530124","富民县","961"
"2557","530125","宜良县","961"
"2558","530126","石林彝族自治县","961"
"2559","530127","嵩明县","961"
"2560","530128","禄劝彝族苗族自治县","961"
"2561","530129","寻甸回族彝族自治县","961"
"2562","530181","安宁市","961"
"2563","530301","市辖区","962"
"2564","530302","麒麟区","962"
"2565","530321","马龙县","962"
"2566","530322","陆良县","962"
"2567","530323","师宗县","962"
"2568","530324","罗平县","962"
"2569","530325","富源县","962"
"2570","530326","会泽县","962"
"2571","530328","沾益县","962"
"2572","530381","宣威市","962"
"2573","530401","市辖区","963"
"2574","530402","红塔区","963"
"2575","530421","江川县","963"
"2576","530422","澄江县","963"
"2577","530423","通海县","963"
"2578","530424","华宁县","963"
"2579","530425","易门县","963"
"2580","530426","峨山彝族自治县","963"
"2581","530427","新平彝族傣族自治县","963"
"2582","530428","元江哈尼族彝族傣族自治县","963"
"2583","530501","市辖区","964"
"2584","530502","隆阳区","964"
"2585","530521","施甸县","964"
"2586","530522","腾冲县","964"
"2587","530523","龙陵县","964"
"2588","530524","昌宁县","964"
"2589","530601","市辖区","965"
"2590","530602","昭阳区","965"
"2591","530621","鲁甸县","965"
"2592","530622","巧家县","965"
"2593","530623","盐津县","965"
"2594","530624","大关县","965"
"2595","530625","永善县","965"
"2596","530626","绥江县","965"
"2597","530627","镇雄县","965"
"2598","530628","彝良县","965"
"2599","530629","威信县","965"
"2600","530630","水富县","965"
"2601","530701","市辖区","966"
"2602","530702","古城区","966"
"2603","530721","玉龙纳西族自治县","966"
"2604","530722","永胜县","966"
"2605","530723","华坪县","966"
"2606","530724","宁蒗彝族自治县","966"
"2607","530801","市辖区","967"
"2608","530802","翠云区","967"
"2609","530821","普洱哈尼族彝族自治县","967"
"2610","530822","墨江哈尼族自治县","967"
"2611","530823","景东彝族自治县","967"
"2612","530824","景谷傣族彝族自治县","967"
"2613","530825","镇沅彝族哈尼族拉祜族自治县","967"
"2614","530826","江城哈尼族彝族自治县","967"
"2615","530827","孟连傣族拉祜族佤族自治县","967"
"2616","530828","澜沧拉祜族自治县","967"
"2617","530829","西盟佤族自治县","967"
"2618","530901","市辖区","968"
"2619","530902","临翔区","968"
"2620","530921","凤庆县","968"
"2621","530922","云　县","968"
"2622","530923","永德县","968"
"2623","530924","镇康县","968"
"2624","530925","双江拉祜族佤族布朗族傣族自治县","968"
"2625","530926","耿马傣族佤族自治县","968"
"2626","530927","沧源佤族自治县","968"
"2627","532301","楚雄市","969"
"2628","532322","双柏县","969"
"2629","532323","牟定县","969"
"2630","532324","南华县","969"
"2631","532325","姚安县","969"
"2632","532326","大姚县","969"
"2633","532327","永仁县","969"
"2634","532328","元谋县","969"
"2635","532329","武定县","969"
"2636","532331","禄丰县","969"
"2637","532501","个旧市","970"
"2638","532502","开远市","970"
"2639","532522","蒙自县","970"
"2640","532523","屏边苗族自治县","970"
"2641","532524","建水县","970"
"2642","532525","石屏县","970"
"2643","532526","弥勒县","970"
"2644","532527","泸西县","970"
"2645","532528","元阳县","970"
"2646","532529","红河县","970"
"2647","532530","金平苗族瑶族傣族自治县","970"
"2648","532531","绿春县","970"
"2649","532532","河口瑶族自治县","970"
"2650","532621","文山县","971"
"2651","532622","砚山县","971"
"2652","532623","西畴县","971"
"2653","532624","麻栗坡县","971"
"2654","532625","马关县","971"
"2655","532626","丘北县","971"
"2656","532627","广南县","971"
"2657","532628","富宁县","971"
"2658","532801","景洪市","972"
"2659","532822","勐海县","972"
"2660","532823","勐腊县","972"
"2661","532901","大理市","973"
"2662","532922","漾濞彝族自治县","973"
"2663","532923","祥云县","973"
"2664","532924","宾川县","973"
"2665","532925","弥渡县","973"
"2666","532926","南涧彝族自治县","973"
"2667","532927","巍山彝族回族自治县","973"
"2668","532928","永平县","973"
"2669","532929","云龙县","973"
"2670","532930","洱源县","973"
"2671","532931","剑川县","973"
"2672","532932","鹤庆县","973"
"2673","533102","瑞丽市","974"
"2674","533103","潞西市","974"
"2675","533122","梁河县","974"
"2676","533123","盈江县","974"
"2677","533124","陇川县","974"
"2678","533321","泸水县","975"
"2679","533323","福贡县","975"
"2680","533324","贡山独龙族怒族自治县","975"
"2681","533325","兰坪白族普米族自治县","975"
"2682","533421","香格里拉县","976"
"2683","533422","德钦县","976"
"2684","533423","维西傈僳族自治县","976"
"2685","540101","市辖区","977"
"2686","540102","城关区","977"
"2687","540121","林周县","977"
"2688","540122","当雄县","977"
"2689","540123","尼木县","977"
"2690","540124","曲水县","977"
"2691","540125","堆龙德庆县","977"
"2692","540126","达孜县","977"
"2693","540127","墨竹工卡县","977"
"2694","542121","昌都县","978"
"2695","542122","江达县","978"
"2696","542123","贡觉县","978"
"2697","542124","类乌齐县","978"
"2698","542125","丁青县","978"
"2699","542126","察雅县","978"
"2700","542127","八宿县","978"
"2701","542128","左贡县","978"
"2702","542129","芒康县","978"
"2703","542132","洛隆县","978"
"2704","542133","边坝县","978"
"2705","542221","乃东县","979"
"2706","542222","扎囊县","979"
"2707","542223","贡嘎县","979"
"2708","542224","桑日县","979"
"2709","542225","琼结县","979"
"2710","542226","曲松县","979"
"2711","542227","措美县","979"
"2712","542228","洛扎县","979"
"2713","542229","加查县","979"
"2714","542231","隆子县","979"
"2715","542232","错那县","979"
"2716","542233","浪卡子县","979"
"2717","542301","日喀则市","980"
"2718","542322","南木林县","980"
"2719","542323","江孜县","980"
"2720","542324","定日县","980"
"2721","542325","萨迦县","980"
"2722","542326","拉孜县","980"
"2723","542327","昂仁县","980"
"2724","542328","谢通门县","980"
"2725","542329","白朗县","980"
"2726","542330","仁布县","980"
"2727","542331","康马县","980"
"2728","542332","定结县","980"
"2729","542333","仲巴县","980"
"2730","542334","亚东县","980"
"2731","542335","吉隆县","980"
"2732","542336","聂拉木县","980"
"2733","542337","萨嘎县","980"
"2734","542338","岗巴县","980"
"2735","542421","那曲县","981"
"2736","542422","嘉黎县","981"
"2737","542423","比如县","981"
"2738","542424","聂荣县","981"
"2739","542425","安多县","981"
"2740","542426","申扎县","981"
"2741","542427","索　县","981"
"2742","542428","班戈县","981"
"2743","542429","巴青县","981"
"2744","542430","尼玛县","981"
"2745","542521","普兰县","982"
"2746","542522","札达县","982"
"2747","542523","噶尔县","982"
"2748","542524","日土县","982"
"2749","542525","革吉县","982"
"2750","542526","改则县","982"
"2751","542527","措勤县","982"
"2752","542621","林芝县","983"
"2753","542622","工布江达县","983"
"2754","542623","米林县","983"
"2755","542624","墨脱县","983"
"2756","542625","波密县","983"
"2757","542626","察隅县","983"
"2758","542627","朗　县","983"
"2759","610101","市辖区","984"
"2760","610102","新城区","984"
"2761","610103","碑林区","984"
"2762","610104","莲湖区","984"
"2763","610111","灞桥区","984"
"2764","610112","未央区","984"
"2765","610113","雁塔区","984"
"2766","610114","阎良区","984"
"2767","610115","临潼区","984"
"2768","610116","长安区","984"
"2769","610122","蓝田县","984"
"2770","610124","周至县","984"
"2771","610125","户　县","984"
"2772","610126","高陵县","984"
"2773","610201","市辖区","985"
"2774","610202","王益区","985"
"2775","610203","印台区","985"
"2776","610204","耀州区","985"
"2777","610222","宜君县","985"
"2778","610301","市辖区","986"
"2779","610302","渭滨区","986"
"2780","610303","金台区","986"
"2781","610304","陈仓区","986"
"2782","610322","凤翔县","986"
"2783","610323","岐山县","986"
"2784","610324","扶风县","986"
"2785","610326","眉　县","986"
"2786","610327","陇　县","986"
"2787","610328","千阳县","986"
"2788","610329","麟游县","986"
"2789","610330","凤　县","986"
"2790","610331","太白县","986"
"2791","610401","市辖区","987"
"2792","610402","秦都区","987"
"2793","610403","杨凌区","987"
"2794","610404","渭城区","987"
"2795","610422","三原县","987"
"2796","610423","泾阳县","987"
"2797","610424","乾　县","987"
"2798","610425","礼泉县","987"
"2799","610426","永寿县","987"
"2800","610427","彬　县","987"
"2801","610428","长武县","987"
"2802","610429","旬邑县","987"
"2803","610430","淳化县","987"
"2804","610431","武功县","987"
"2805","610481","兴平市","987"
"2806","610501","市辖区","988"
"2807","610502","临渭区","988"
"2808","610521","华　县","988"
"2809","610522","潼关县","988"
"2810","610523","大荔县","988"
"2811","610524","合阳县","988"
"2812","610525","澄城县","988"
"2813","610526","蒲城县","988"
"2814","610527","白水县","988"
"2815","610528","富平县","988"
"2816","610581","韩城市","988"
"2817","610582","华阴市","988"
"2818","610601","市辖区","989"
"2819","610602","宝塔区","989"
"2820","610621","延长县","989"
"2821","610622","延川县","989"
"2822","610623","子长县","989"
"2823","610624","安塞县","989"
"2824","610625","志丹县","989"
"2825","610626","吴旗县","989"
"2826","610627","甘泉县","989"
"2827","610628","富　县","989"
"2828","610629","洛川县","989"
"2829","610630","宜川县","989"
"2830","610631","黄龙县","989"
"2831","610632","黄陵县","989"
"2832","610701","市辖区","990"
"2833","610702","汉台区","990"
"2834","610721","南郑县","990"
"2835","610722","城固县","990"
"2836","610723","洋　县","990"
"2837","610724","西乡县","990"
"2838","610725","勉　县","990"
"2839","610726","宁强县","990"
"2840","610727","略阳县","990"
"2841","610728","镇巴县","990"
"2842","610729","留坝县","990"
"2843","610730","佛坪县","990"
"2844","610801","市辖区","991"
"2845","610802","榆阳区","991"
"2846","610821","神木县","991"
"2847","610822","府谷县","991"
"2848","610823","横山县","991"
"2849","610824","靖边县","991"
"2850","610825","定边县","991"
"2851","610826","绥德县","991"
"2852","610827","米脂县","991"
"2853","610828","佳　县","991"
"2854","610829","吴堡县","991"
"2855","610830","清涧县","991"
"2856","610831","子洲县","991"
"2857","610901","市辖区","992"
"2858","610902","汉滨区","992"
"2859","610921","汉阴县","992"
"2860","610922","石泉县","992"
"2861","610923","宁陕县","992"
"2862","610924","紫阳县","992"
"2863","610925","岚皋县","992"
"2864","610926","平利县","992"
"2865","610927","镇坪县","992"
"2866","610928","旬阳县","992"
"2867","610929","白河县","992"
"2868","611001","市辖区","993"
"2869","611002","商州区","993"
"2870","611021","洛南县","993"
"2871","611022","丹凤县","993"
"2872","611023","商南县","993"
"2873","611024","山阳县","993"
"2874","611025","镇安县","993"
"2875","611026","柞水县","993"
"2876","620101","市辖区","994"
"2877","620102","城关区","994"
"2878","620103","七里河区","994"
"2879","620104","西固区","994"
"2880","620105","安宁区","994"
"2881","620111","红古区","994"
"2882","620121","永登县","994"
"2883","620122","皋兰县","994"
"2884","620123","榆中县","994"
"2885","620201","市辖区","995"
"2886","620301","市辖区","996"
"2887","620302","金川区","996"
"2888","620321","永昌县","996"
"2889","620401","市辖区","997"
"2890","620402","白银区","997"
"2891","620403","平川区","997"
"2892","620421","靖远县","997"
"2893","620422","会宁县","997"
"2894","620423","景泰县","997"
"2895","620501","市辖区","998"
"2896","620502","秦城区","998"
"2897","620503","北道区","998"
"2898","620521","清水县","998"
"2899","620522","秦安县","998"
"2900","620523","甘谷县","998"
"2901","620524","武山县","998"
"2902","620525","张家川回族自治县","998"
"2903","620601","市辖区","999"
"2904","620602","凉州区","999"
"2905","620621","民勤县","999"
"2906","620622","古浪县","999"
"2907","620623","天祝藏族自治县","999"
"2908","620701","市辖区","1000"
"2909","620702","甘州区","1000"
"2910","620721","肃南裕固族自治县","1000"
"2911","620722","民乐县","1000"
"2912","620723","临泽县","1000"
"2913","620724","高台县","1000"
"2914","620725","山丹县","1000"
"2915","620801","市辖区","1001"
"2916","620802","崆峒区","1001"
"2917","620821","泾川县","1001"
"2918","620822","灵台县","1001"
"2919","620823","崇信县","1001"
"2920","620824","华亭县","1001"
"2921","620825","庄浪县","1001"
"2922","620826","静宁县","1001"
"2923","620901","市辖区","1002"
"2924","620902","肃州区","1002"
"2925","620921","金塔县","1002"
"2926","620922","安西县","1002"
"2927","620923","肃北蒙古族自治县","1002"
"2928","620924","阿克塞哈萨克族自治县","1002"
"2929","620981","玉门市","1002"
"2930","620982","敦煌市","1002"
"2931","621001","市辖区","1003"
"2932","621002","西峰区","1003"
"2933","621021","庆城县","1003"
"2934","621022","环　县","1003"
"2935","621023","华池县","1003"
"2936","621024","合水县","1003"
"2937","621025","正宁县","1003"
"2938","621026","宁　县","1003"
"2939","621027","镇原县","1003"
"2940","621101","市辖区","1004"
"2941","621102","安定区","1004"
"2942","621121","通渭县","1004"
"2943","621122","陇西县","1004"
"2944","621123","渭源县","1004"
"2945","621124","临洮县","1004"
"2946","621125","漳　县","1004"
"2947","621126","岷　县","1004"
"2948","621201","市辖区","1005"
"2949","621202","武都区","1005"
"2950","621221","成　县","1005"
"2951","621222","文　县","1005"
"2952","621223","宕昌县","1005"
"2953","621224","康　县","1005"
"2954","621225","西和县","1005"
"2955","621226","礼　县","1005"
"2956","621227","徽　县","1005"
"2957","621228","两当县","1005"
"2958","622901","临夏市","1006"
"2959","622921","临夏县","1006"
"2960","622922","康乐县","1006"
"2961","622923","永靖县","1006"
"2962","622924","广河县","1006"
"2963","622925","和政县","1006"
"2964","622926","东乡族自治县","1006"
"2965","622927","积石山保安族东乡族撒拉族自治县","1006"
"2966","623001","合作市","1007"
"2967","623021","临潭县","1007"
"2968","623022","卓尼县","1007"
"2969","623023","舟曲县","1007"
"2970","623024","迭部县","1007"
"2971","623025","玛曲县","1007"
"2972","623026","碌曲县","1007"
"2973","623027","夏河县","1007"
"2974","630101","市辖区","1008"
"2975","630102","城东区","1008"
"2976","630103","城中区","1008"
"2977","630104","城西区","1008"
"2978","630105","城北区","1008"
"2979","630121","大通回族土族自治县","1008"
"2980","630122","湟中县","1008"
"2981","630123","湟源县","1008"
"2982","632121","平安县","1009"
"2983","632122","民和回族土族自治县","1009"
"2984","632123","乐都县","1009"
"2985","632126","互助土族自治县","1009"
"2986","632127","化隆回族自治县","1009"
"2987","632128","循化撒拉族自治县","1009"
"2988","632221","门源回族自治县","1010"
"2989","632222","祁连县","1010"
"2990","632223","海晏县","1010"
"2991","632224","刚察县","1010"
"2992","632321","同仁县","1011"
"2993","632322","尖扎县","1011"
"2994","632323","泽库县","1011"
"2995","632324","河南蒙古族自治县","1011"
"2996","632521","共和县","1012"
"2997","632522","同德县","1012"
"2998","632523","贵德县","1012"
"2999","632524","兴海县","1012"
"3000","632525","贵南县","1012"
"3001","632621","玛沁县","1013"
"3002","632622","班玛县","1013"
"3003","632623","甘德县","1013"
"3004","632624","达日县","1013"
"3005","632625","久治县","1013"
"3006","632626","玛多县","1013"
"3007","632721","玉树县","1014"
"3008","632722","杂多县","1014"
"3009","632723","称多县","1014"
"3010","632724","治多县","1014"
"3011","632725","囊谦县","1014"
"3012","632726","曲麻莱县","1014"
"3013","632801","格尔木市","1015"
"3014","632802","德令哈市","1015"
"3015","632821","乌兰县","1015"
"3016","632822","都兰县","1015"
"3017","632823","天峻县","1015"
"3018","640101","市辖区","1016"
"3019","640104","兴庆区","1016"
"3020","640105","西夏区","1016"
"3021","640106","金凤区","1016"
"3022","640121","永宁县","1016"
"3023","640122","贺兰县","1016"
"3024","640181","灵武市","1016"
"3025","640201","市辖区","1017"
"3026","640202","大武口区","1017"
"3027","640205","惠农区","1017"
"3028","640221","平罗县","1017"
"3029","640301","市辖区","1018"
"3030","640302","利通区","1018"
"3031","640323","盐池县","1018"
"3032","640324","同心县","1018"
"3033","640381","青铜峡市","1018"
"3034","640401","市辖区","1019"
"3035","640402","原州区","1019"
"3036","640422","西吉县","1019"
"3037","640423","隆德县","1019"
"3038","640424","泾源县","1019"
"3039","640425","彭阳县","1019"
"3040","640501","市辖区","1020"
"3041","640502","沙坡头区","1020"
"3042","640521","中宁县","1020"
"3043","640522","海原县","1020"
"3044","650101","市辖区","1021"
"3045","650102","天山区","1021"
"3046","650103","沙依巴克区","1021"
"3047","650104","新市区","1021"
"3048","650105","水磨沟区","1021"
"3049","650106","头屯河区","1021"
"3050","650107","达坂城区","1021"
"3051","650108","东山区","1021"
"3052","650121","乌鲁木齐县","1021"
"3053","650201","市辖区","1022"
"3054","650202","独山子区","1022"
"3055","650203","克拉玛依区","1022"
"3056","650204","白碱滩区","1022"
"3057","650205","乌尔禾区","1022"
"3058","652101","吐鲁番市","1023"
"3059","652122","鄯善县","1023"
"3060","652123","托克逊县","1023"
"3061","652201","哈密市","1024"
"3062","652222","巴里坤哈萨克自治县","1024"
"3063","652223","伊吾县","1024"
"3064","652301","昌吉市","1025"
"3065","652302","阜康市","1025"
"3066","652303","米泉市","1025"
"3067","652323","呼图壁县","1025"
"3068","652324","玛纳斯县","1025"
"3069","652325","奇台县","1025"
"3070","652327","吉木萨尔县","1025"
"3071","652328","木垒哈萨克自治县","1025"
"3072","652701","博乐市","1026"
"3073","652722","精河县","1026"
"3074","652723","温泉县","1026"
"3075","652801","库尔勒市","1027"
"3076","652822","轮台县","1027"
"3077","652823","尉犁县","1027"
"3078","652824","若羌县","1027"
"3079","652825","且末县","1027"
"3080","652826","焉耆回族自治县","1027"
"3081","652827","和静县","1027"
"3082","652828","和硕县","1027"
"3083","652829","博湖县","1027"
"3084","652901","阿克苏市","1028"
"3085","652922","温宿县","1028"
"3086","652923","库车县","1028"
"3087","652924","沙雅县","1028"
"3088","652925","新和县","1028"
"3089","652926","拜城县","1028"
"3090","652927","乌什县","1028"
"3091","652928","阿瓦提县","1028"
"3092","652929","柯坪县","1028"
"3093","653001","阿图什市","1029"
"3094","653022","阿克陶县","1029"
"3095","653023","阿合奇县","1029"
"3096","653024","乌恰县","1029"
"3097","653101","喀什市","1030"
"3098","653121","疏附县","1030"
"3099","653122","疏勒县","1030"
"3100","653123","英吉沙县","1030"
"3101","653124","泽普县","1030"
"3102","653125","莎车县","1030"
"3103","653126","叶城县","1030"
"3104","653127","麦盖提县","1030"
"3105","653128","岳普湖县","1030"
"3106","653129","伽师县","1030"
"3107","653130","巴楚县","1030"
"3108","653131","塔什库尔干塔吉克自治县","1030"
"3109","653201","和田市","1031"
"3110","653221","和田县","1031"
"3111","653222","墨玉县","1031"
"3112","653223","皮山县","1031"
"3113","653224","洛浦县","1031"
"3114","653225","策勒县","1031"
"3115","653226","于田县","1031"
"3116","653227","民丰县","1031"
"3117","654002","伊宁市","1032"
"3118","654003","奎屯市","1032"
"3119","654021","伊宁县","1032"
"3120","654022","察布查尔锡伯自治县","1032"
"3121","654023","霍城县","1032"
"3122","654024","巩留县","1032"
"3123","654025","新源县","1032"
"3124","654026","昭苏县","1032"
"3125","654027","特克斯县","1032"
"3126","654028","尼勒克县","1032"
"3127","654201","塔城市","1033"
"3128","654202","乌苏市","1033"
"3129","654221","额敏县","1033"
"3130","654223","沙湾县","1033"
"3131","654224","托里县","1033"
"3132","654225","裕民县","1033"
"3133","654226","和布克赛尔蒙古自治县","1033"
"3134","654301","阿勒泰市","1034"
"3135","654321","布尔津县","1034"
"3136","654322","富蕴县","1034"
"3137","654323","福海县","1034"
"3138","654324","哈巴河县","1034"
"3139","654325","青河县","1034"
"3140","654326","吉木乃县","1034"
"3141","659001","石河子市","1035"
"3142","659002","阿拉尔市","1035"
"3143","659003","图木舒克市","1035"
"3144","659004","五家渠市","1035"
